; Name	Abeta_UpCutoff1_iReg
; Species and nomenclature	Drosophila melanogaster, FlyBase names
; Motif collection	10K (9713 PWMs)
; Minimum NEScore	2.5
; Rank threshold for visualization	5000
; ROC threshold for AUC calculation (%)	0.01
; Minimum identity between orthologous genes	0.0
; Maximum false discovery rate (FDR) on motif similarity	0.001
; Motif rankings database	136K regions (11 species)
; Number of valid nodes	99
; iRegulon version	iRegulon v1.3 (build: 2015-02-12)
; Overlap fraction	0.4
; Putative regulatory region	5kb upstream and full transcript
# Rank	Motif id	AUC	NES	ClusterCode	Transcription factor	Target genes
1	flyfactorsurvey-Cf2-PB_SOLEXA_FBgn0000286	0.0224596	6.32707	M1	Cf2	up,up,Prm,Mlc1,Mhc,Lsd-2,wupA,Lsd-2,chic,up,sta,wupA,Akh,wupA,RpL37A,Argk,Clic,Tm2,tmod,Argk,Prm,wupA,tmod,Argk,Act57B,CG4406,chic,TpnC73F,Tm2,CG9463,Prm,up,RpS17,Argk,Mhc,tmod,Mlc1,Lsp1alpha,CG2233,Act57B,RpS17,Act57B,CG31635,Argk,Tm1,Mhc,TpnC73F,sta,Mdr50,zip,Akh,Rtnl1,CG10407,lark,CG2233,wupA,CG4406,zip,up,Prm
2	transfac_pro-M02897	0.0219369	6.14454	M1	Optix	up,up,Mhc,Prm,Prm,wupA,wupA,chic,tmod,Argk,Mlc1,up,Lsp1alpha,CG4406,lark,Lsd-2,Argk,Act57B,Act57B,TpnC73F,tmod,Lsd-2,Tm2,tmod,Argk,wupA,Akh,zip,wupA,CG9463,Mhc,Mhc,tmod,Argk,chic,Akh,up,Prm,RpL37A,rdx,Prm,Mhc,Tm2,Prm,Tm1,zip,sta,Tm1,tmod,Cpr64Aa,wupA,rdx,Mlc1,tmod,CG10407,RpS17,zip,Tm1,CG31635,sta,tmod,CG2233,CG6337,CG11381,Argk
3	flyfactorsurvey-Cf2-PB_SANGER_5_FBgn0000286	0.0212591	5.90783	M1	Cf2	up,up,Prm,chic,Argk,rdx,Mhc,wupA,Argk,CG4406,Argk,Mhc,Prm,wupA,wupA,Akh,Mhc,Tm2,Tm2,Argk,Mlc1,lark,zip,Lsd-2,rdx,up,tmod,TpnC73F,up,Lsp1alpha
4	homer-M00234	0.0210554	5.83672	M2	Tbp,Taf1	Ady43A,Cpr64Aa,Mhc,Cp16,Akh,CG10407,Cp18,Cp15,Lsp1alpha,CG12896,Lsp1gamma,Cpr65Au,Fbp1,CG6337,Act57B,Prm,TotA,chic,CG8329,Cp18,Fbp1,chic,RpL37A,Vm26Aa,Cpr65Au,up,CG11381,tmod,CG8329,Vm26Aa,up,CG12384,Tm1,rdx,Mhc,CG16713,zip,tmod,tmod,Vm26Aa,Mhc,TpnC73F,zip,Lcp65Ag1,Argk,Lsp2,smp-30
5	jaspar-MA0015.1	0.0193923	5.25595	M1	Cf2	up,up,Prm,Mhc,Lsd-2,Lsd-2,Mlc1,up,sta,wupA,RpL37A,Akh,chic,Argk,wupA,wupA,Prm,CG4406,CG2233,wupA,Tm2,Tm2,tmod,chic,tmod,Argk,Clic,Prm,TpnC73F,CG4406,CG9463,tmod,Mlc1,Rtnl1,CG31635,Argk,Argk,up,Akh,Mhc,RpS17,Lsp1alpha,Mhc,Act57B,sta,Mdr50,RpS17,CG2233,Tm1,wupA,Act57B,zip,Argk,Tm1,Mhc,lark,Mhc,Tm1,Act57B,tmod
6	transfac_public-M00012	0.0191207	5.16113	M1	Cf2	up,up,Prm,Mhc,Lsd-2,Mlc1,Lsd-2,sta,wupA,Akh,RpL37A,up,chic,wupA,Argk,CG2233,wupA,CG4406,tmod,Prm,wupA,Tm2,Tm2,Clic,Argk,tmod,chic,CG31635,TpnC73F,CG4406,Prm,CG9463,Rtnl1,tmod,Argk,Argk,up,RpS17,Lsp1alpha,Mlc1,Akh,sta,CG2233,Mhc,Mdr50,Mhc,Tm1,wupA,Act57B,zip,CG6337,Act57B,RpS17,Argk,Tm1
7	stark-RTATATRTRB	0.0190432	5.13404	M1	Cf2	up,Mhc,up,Prm,Lsd-2,chic,Lsd-2,RpL37A,up,Akh,Mlc1,sta,wupA,wupA,CG4406,Argk,wupA,Prm,Tm2,CG2233,Tm2,tmod,chic,Mlc1,TpnC73F,Argk,wupA,CG9463,Prm,Clic,tmod,CG31635,Argk,RpS17,Rtnl1,tmod,Argk,CG4406,Act57B,Akh,sta
8	transfac_public-M00013	0.0185098	4.94778	M1	Cf2	up,Mhc,Prm,Lsd-2,up,chic,sta,Akh,Mlc1,Lsd-2,RpL37A,CG2233,wupA,wupA,up,Argk,Prm,wupA,wupA,CG4406,tmod,Argk,Tm2,Tm2,TpnC73F,Clic,chic,CG9463,CG31635,RpS17,CG4406,up,tmod,Mhc,tmod,Rtnl1,Prm,Mdr50,Lsp1alpha,CG2233,Argk,Akh,Act57B,Mlc1,wupA,Argk,CG6337,Tm1,sta,Tm1
9	homer-M00606	0.0183973	4.9085	M3	Cf2	wupA,sta,up,rdx,Mlc1,Argk,CG4406,Prm,Lsd-2,chic,tmod,tmod,tmod,chic,up,up,Mlc1,CG5377,tmod,Akh,RpS17,wupA,RpL37A,Lsd-2,up,Cp18,Cp15
10	homer-M00270	0.0181229	4.81266	M4		chic,up,up,Mhc,wupA,Lsd-2,tmod,Argk,wupA,wupA,Prm,RpL37A,Argk,Mlc1,Clic,RpS17,Lsd-2,Prm,Argk,Mlc1,CG9463,wupA,up,tmod,Lsp1alpha,tmod,Mhc,tmod,Akh,TpnC73F,CG10407,Argk,Tm2,rdx,sta,Act57B,Mhc,Tm1,lark,CG4406,Akh,Prm,chic,Cp18,Cp15,zip
11	yetfasco-1099	0.0179493	4.75205	M5		sta,Prm,Tm2,up,up,RpL37A,Mhc,up,Argk,Mhc,wupA,Prm,CG4406,Argk,tmod,chic,Mdr50,Akh,Lsd-2,Argk,RpS17,TpnC73F,Tm2
12	jaspar-MA0033.1	0.0174809	4.58848	M1	bin	up,chic,up,Lsd-2,up,Mhc,sta,Prm,Lsd-2,Mlc1,tmod,Argk,RpL37A,Mlc1,CG4406,Argk,wupA,Tm2,CG31635,wupA,TpnC73F,Clic,Prm,RpS17,wupA,Akh,Argk,wupA,Argk,tmod,Tm2,Argk,CG9463,tmod,sta,Mhc,Prm,Act57B,lark,Argk,up,Rtnl1,CG4406,tmod,Mhc
13	homer-M00110	0.0173374	4.53836	M6	Mef2	Prm,Mhc,Tm1,Tm2,cana,tmod,Argk,up,wupA,Mhc,Act57B,Lsp1gamma,Mlc1,TpnC73F,Rtnl1,chic,up,Tm1,Tm1,Prm,Act57B,CG6191,zip,Fbp1,Prm
14	swissregulon-FOXL1.p2	0.0172918	4.52245	M1	bin	up,chic,up,Lsd-2,up,Mhc,sta,Prm,RpL37A,Lsd-2,Akh,Argk,Tm2,Clic,wupA,Argk,CG2233,RpS17,Mlc1,Mlc1,wupA,CG31635,TpnC73F,CG4406,Prm,Argk,wupA,tmod,tmod,wupA,Tm2,Argk,CG9463,sta,Tm1,Argk,up,CG6337,CG10407,Rala,Mhc,CG2233,Tm1,Lsp1alpha,Argk,chic,wupA,Mhc,tmod,lark,zip,Mdr50,Lsd-2
15	yetfasco-1050	0.0172433	4.50552	M5		Lsd-2,sta,Akh,Mhc,Argk,chic,wupA,up,Tm2,up,Prm,CG9463,Tm2,Argk,up,RpS17,wupA,tmod,CG4406,Argk,Mdr50,Clic,vih,RpL37A,Rtnl1,Lsd-2,Mhc,TpnC73F,CG2233,CG6337,Prm,tmod,CG4406,CG31635,wupA,Argk,Lsp1alpha,wupA,sta,chic,Mhc,zip,Mlc1,up,up,Tm1,tmod,Akh,Mlc1,up,wupA,TpnC73F
16	transfac_public-M00348	0.0169281	4.39546	M7	grn,srp,GATAe,E2f	CG31635,Tsp42Ea,Tm1,RpL22,RpL22,zip,Tsp42Ea,Argk,zip,Ahcy13,Lsp1gamma,smp-30,Tsp42Ea,zip,GstD10,Rtnl1,rdx,Argk,rdx,Argk,Tm1,CG12384,Lsd-2,rdx,Argk,Fbp1,tmod,CG6191,rdx,Rpn11,Mdr50,Mlc1,wupA,zip,Fbp1,Rtnl1,CG5377,Cp16,Lsd-2,rdx,CG6191,CG3792,RpL34b,Cyt-c-p,CG31635,GstE6,RpL22,Mdr50,rdx,Ahcy13,CG6191,tmod,chic
17	transfac_pro-M02932	0.0169213	4.39309	M1		chic,Mhc,up,up,Prm,sta,CG4406,up,up,tmod,Tm2,wupA,Lsd-2,Mlc1,Lsd-2,wupA,Prm,CG31635,Argk,Argk,tmod,TpnC73F,Mhc,Lsp1alpha,Argk,Mlc1,sta,Argk,Akh,CG9463,Clic,RpL37A,lark,Rtnl1,rdx,CG4406,wupA,tmod,RpS17,chic
18	swissregulon-TBP.p2	0.0168913	4.38259	M2	Tbp,Taf1	Cp18,Cp15,Ady43A,up,Cp36,CG12896,Lsp1gamma,Mhc,Prm,Akh,Lsp1alpha,chic,Tm1,Cpr65Au,TotA,Fbp1,Cpr64Aa,Lsp2,chic,Act57B,Mlc1,Fbp1,CG10407,CG6337
19	yetfasco-1465	0.0168137	4.3555	M4		up,up,Prm,Mhc,chic,Lsd-2,CG2233,Prm,CG31635,Akh,wupA,RpL37A,Mlc1,up,Clic,wupA,Lsd-2,Act57B,wupA,Argk,tmod,RpS17,Tm2,wupA,Mlc1,Argk,Mhc,Tm1,CG9463,Tm2,Lsp1alpha,Prm,tmod,TpnC73F,CG6337,Argk,CG4406,Mlc1,CG10407,tmod,Rtnl1,Argk,up,wupA,Mhc,sta,wupA,Tm1,Akh,Mdr50,Argk,tmod,Argk,Tm1,Act57B,Mhc,tmod,chic,hgo,Mhc,Tm1,RpL22,sta
20	yetfasco-1462	0.016802	4.35143	M4		Prm,up,Prm,Fbp1,Act57B,Prm,Tm2,Lsd-2,tmod,Prm,CG4406,Argk,chic,Tm1,up,Mlc1,Argk,Lsd-2,up,CG31635,tmod,wupA,Mhc,tmod,Argk,rdx,CG9463,RpL22,CG6337,cana,Mlc1,Mlc1,Dot,Argk,CG16713,CG2233,Tm1,rdx,Mhc,Prm,Mhc,Mhc,wupA,Argk,Cp18,Cp15,Cp15,TpnC73F,wupA,Cp36,hgo,Rtnl1
21	yetfasco-1501	0.0167652	4.33857	M6		up,chic,Mhc,up,up,Lsp1alpha,RpL37A,Lsd-2,cana,wupA,Lsd-2,Argk,CG9463,Clic,Tm1,Prm,Argk,tmod,CG6191,Act57B,Mhc,Mhc,Act57B,Prm,TpnC73F,TpnC73F,wupA,rdx,Mlc1,Akh,wupA,tmod,Argk,Rtnl1,Akh,tmod,Tm2,Prm,CG4406,Tm2,Mhc,CG31635,wupA,tmod,lark,Prm,Tm1,sta,sta,Prm,wupA
22	stark-STATAWAWRSVVV	0.0167613	4.33721	M2	Tbp,Taf1	up,Cpr64Aa,Mhc,wupA,Cp18,Cp15,Akh,Fbp1,Mhc,Argk,Lsp2,Lsp1alpha,Ady43A,up,Cpr65Au,CG6191,CG12896,tmod,Mlc1,Cp36,Akh,tmod,tmod,rdx,Prm,Mhc,chic,Lsd-2,Act57B,Cp18,Mlc1,TotA,Cp16,wupA,Argk,up,RpL37A,CG4406,CG6337,Cp15,CG10407,chic,Lsd-2,Tm1,zip,Prm,Lsp1gamma,tmod,rdx,Fbp1,Prm,Dot,zip,rdx,Prm,Act57B
23	transfac_pro-M03854	0.0165373	4.25899	M8	SoxN	Argk,up,up,CG31635,tmod,wupA,sta,CG4406,Act57B,Tm1,TpnC73F,up,Rtnl1,rdx,Clic
24	factorbook-GATA1	0.0164316	4.22207	M7	grn,Sirt6,E2f	Tm1,CG31635,RpL22,Argk,zip,Lsd-2,RpL22,smp-30,Tsp42Ea,CG12384,Fbp1,Ahcy13,CG6191,rdx,Lsp1gamma,rdx,Rtnl1,CG6191,Tsp42Ea,rdx,RpL22,Rpn11,Lsd-2,Ahcy13,Fbp1,zip,zip
25	tiffin-TIFDMEM0000034	0.0163812	4.20446	M1		up,up,Mhc,chic,CG2233,Lsd-2,Prm,Akh,up,Lsd-2,sta,tmod,RpL37A,CG31635,Argk,wupA,CG4406,Prm,wupA,TpnC73F,Argk,wupA,wupA,Tm2,CG4406,Lsp1alpha,Clic,Argk,CG9463,CG2233,Tm2,tmod,up,Rtnl1,Mlc1,CG6337,Mlc1,up,tmod,sta,wupA,chic,Mdr50,RpS17,Mhc,Mhc,Tm1,CG10407,Tm1,Akh,RpS17,Argk,lark,Act57B,Tm1
26	yetfasco-1192	0.0163647	4.19871	M9		wupA,rdx,up,Clic,up,up,Cp38,CG4406,rdx,CG31635,rdx,Prm,rdx,rdx,sta,rdx,Cp38,Lsp1alpha,CG6191,CG6337,wupA,CG31635,up,rdx,wupA,Argk,Fbp1
27	tiffin-TIFDMEM0000083	0.0163036	4.17737	M4		Cp16,chic,Lsp1alpha,Ady43A,Cpr64Aa,CG10407,up,Akh,Lsp1gamma,CG12896,tmod,Argk,Fbp1,tmod,tmod,CG6337,Cp18,Cp15,CG6337,tmod,Cpr65Au,Argk,Prm,Lsp2,Mhc,tmod,CG11381,wupA,tmod,Cp18,CG11381,up,Lsd-2,RpL37A,Act57B,Mlc1,TotA,Vm26Aa,Cp36,Vm26Aa,Mhc,Lsp1gamma,chic,CG16713,Argk,Mlc1,tmod,chic,Mhc,CG8329,tmod,up,CG4406,Argk,zip,Tm1
28	yetfasco-1428	0.0162842	4.1706	M6	Mef2	Prm,up,Rtnl1,CG6191,Prm,Act57B,Prm,Mlc1,rdx,Mhc,Argk,Prm,Mhc,Tm1,Lsd-2,Mlc1,up,Argk,Mhc,wupA,Tm1,Lsd-2,Act57B,CG31635,Akh,Ady43A,CG6191,cana,RpL37A,tmod,Prm,Rtnl1,zip,up,up,Prm,chic,Tm1,Tm2,Tm2,tmod,tmod,TotA,wupA
29	flyfactorsurvey-lola_SANGER_5_FBgn0005630	0.0162202	4.14825	M10	lola	Prm,Ady43A,up,rdx,Tsp42Ea,Argk,CG6191,rdx,CG6191,CG6337,tmod,Tsp42Ea,Argk,CG6191,Mhc,Tm2,Rtnl1,CG8628,CG5377,Argk
30	homer-M00109	0.0159632	4.05851	M6	Mef2	Mhc,Mhc,Tm2,Prm,Act57B,cana,Lsp1gamma,chic,Act57B,up,wupA,Tm1,Tm1,TpnC73F,CG6191,tmod,Tm1,rdx,up,Act57B,chic,zip,Argk,Rtnl1,rdx,Tsp42Ea,tmod,zip,tmod,RpL37A
31	flyfactorsurvey-fd64A_SANGER_5_FBgn0004895	0.0159147	4.04158	M11	fd64A	tmod,Tm1,rdx,sta,up,TpnC73F,Argk,rdx,tmod,Clic,hgo,Vm26Aa,CG31635,Tm1,Tm2,sta,up,Dot,RpL37A,Mlc1,zip
32	transfac_pro-M02488	0.0157586	3.98706	M6	Mef2	Prm,up,Prm,CG6191,Act57B,Rtnl1,Prm,Mlc1,Tm1,rdx,Mhc,Argk,Mhc,Lsd-2,Mhc,Prm,Mlc1,Argk,up,wupA,Lsd-2,Tm1,Act57B,Akh,CG31635,Ady43A,CG6191,Prm,zip,RpL37A,tmod,tmod,Tm2,up,chic,cana,up,Tm1,Tm2,Prm,Rtnl1,tmod,TotA,Prm
33	transfac_pro-M01631	0.0157566	3.98638	M12		up,up,Lsd-2,up,Mhc,chic,RpL37A,wupA,Akh,Clic,Act57B,wupA,Argk,Prm,tmod,TpnC73F,CG31635,sta,RpS17,wupA,tmod,Mdr50,Tm2,lark,CG2233,Mlc1,wupA,CG9463,Act57B,Lsp1alpha,Mhc,Tm1,Tm2,RpS17,CG2233,Lsd-2,Argk,CG6337,Argk,CG4406,Tm1,Argk,chic,Prm,tmod,Prm,wupA,CG10407,up,Rtnl1,CG31635
34	taipale-NRTTACGTAAYN-Dbp-DBD	0.0157188	3.97317	M13	vri,gt,CG9437,CG7786	Mhc,rdx,Argk,NP15.6,Cp18,Mlc1,CG31635,Tm1,Prm,Tm1,Argk,Cyt-c-p,wupA,Argk,rdx,Argk,Tm1,tmod,Mhc,Argk,Prm,ox,GstD10,Rala,Tsp42Ea,CG11381,Tm1,rdx,up,tmod,Vm26Aa,CG6191,Mlc1,rdx,Prm,Rtnl1,Ady43A,Tm1,CG31635,Cpr64Aa,Tm1,rdx,CG6191,Mhc,Tm2,CG6191,mRpS11,cana,Argk,Rtnl1,Mhc
35	transfac_pro-M01809	0.0156248	3.94032	M6		Act57B,wupA,Mhc,up,zip,Mhc,Prm,cana,Tm1,Act57B,Tm2,Cpr64Aa,Tm1,rdx,up,Prm,rdx,TpnC73F,RpL22,zip,Mlc1,zip,Tm1,CG4406,Mhc,Argk,up,Tm1,Lsp1gamma,Act57B
36	taipale-NRTTACGTAAYN-DBP-DBD	0.0155724	3.92204	M13	vri,gt,CG7786	Mhc,Argk,rdx,Cp18,NP15.6,Tm1,CG31635,Mlc1,Tm1,tmod,Argk,Cyt-c-p,Argk,Argk,rdx,Tm1,Mhc,Argk,Prm,CG11381,GstD10,Prm,wupA,ox,Tsp42Ea,Rala,rdx,CG6191,Vm26Aa,Tm1,tmod,up,Tm1,Cpr64Aa,Mlc1,Ady43A,rdx,CG6191,Tm2,Tm1,Rtnl1,mRpS11,cana,Rtnl1,tmod,Mhc,rdx,CG31635,Mhc,Argk
37	jaspar-MA0035.2	0.0154424	3.87666	M7	grn,pnr,srp,Sirt6,E2f	Tm1,zip,Lsd-2,CG31635,smp-30,Argk,RpL22,CG12384,Ahcy13,Fbp1,RpL22,Rpn11,zip,rdx,Tsp42Ea,Argk,CG6191,rdx,zip
38	yetfasco-1153	0.015426	3.8709	M5		chic,up,up,sta,Akh,Lsd-2,CG2233,Lsd-2,Mhc,RpS17,RpL37A,CG31635,up,sta,wupA,wupA,Argk,Argk,wupA,Prm,Clic,Mlc1,Argk,Rtnl1,CG6337,wupA,CG2233,TpnC73F,Tm2,RpS17,Mdr50,CG9463,CG4406,Argk,up,Prm,tmod,Tm2,Tm1,Tm1,Argk,wupA,CG10407,wupA,chic
39	transfac_public-M00350	0.0154124	3.86616	M7	grn	CG31635,zip,RpL22,zip,smp-30,Argk,Tsp42Ea,zip,Lsp1gamma,rdx,zip,RpL22,Ahcy13,Tm1,Argk,Tm1,Tsp42Ea,Argk,Tsp42Ea
40	flyfactorsurvey-lola-PG_SOLEXA_FBgn0005630	0.0154037	3.86311	M10	lola	up,Prm,Ady43A,rdx,CG6191,CG6191,CG6337,tmod,Tsp42Ea,Tm2,CG6191,Argk,rdx,CG8628,Mhc,Tm1,Tsp42Ea,rdx,CG5377,Rtnl1,Argk,Rtnl1,CG6191,rdx,Ady43A,TotA
41	flyfactorsurvey-GATAd_SANGER_5_FBgn0032223	0.0152727	3.8174	M7	GATAd,pnr	Mdr50,CG6191,Lsd-2,CG31635,Cyt-c-p,CG12384,Fbp1,RpL22,tmod,rdx,rdx,Tm1,Argk,Rpn11,chic,Mlc1,CG5377,Tsp42Ea
42	jaspar-MA0083.1	0.0150681	3.74594	M14	bs	zip,Tm1,zip,wupA,Tm1,Tm1,tmod,RpL22,zip,rdx,zip,Tm2,CG4406,Act57B
43	homer-M01523	0.0150623	3.74391	M6	Mef2,br	Rtnl1,cana,up,Prm,Mhc,Mhc,rdx,Tm1,Act57B,wupA,Lsd-2,Argk,Act57B,RpL37A,CG6191,Prm,TpnC73F,Argk,tmod,Prm,Tm2,Mhc,Cpr64Aa,vih,CG6191,Prm,tmod,Lsd-2,Akh
44	transfac_public-M00148	0.0150584	3.74256	M15	SoxN	up,Rtnl1,up,Argk,rdx,sta,rdx,tmod,CG6191,rdx
45	homer-M00074	0.0149905	3.71885	M7	pnr,GATAe,srp,grn,CG9293,Sirt6,E2f	CG31635,Tm1,Tsp42Ea,RpL22,Argk,Lsd-2,zip,Fbp1,RpL22,Tsp42Ea,Ahcy13,rdx,CG6191,rdx,CG12384,Lsp1gamma,Rtnl1,Tsp42Ea,Mdr50,GstD10,Rpn11,smp-30,CG6191,rdx,CG5377,zip
46	homer-M00068	0.0149188	3.69379	M7	grn,srp,pnr,Sirt6	Tm1,CG31635,Lsd-2,RpL22,RpL22,Tsp42Ea,Ahcy13,smp-30,Fbp1,Argk,CG6191,zip,Rpn11,zip,Lsp1gamma,Tsp42Ea,Rtnl1,CG12384,rdx,rdx,Lsd-2,rdx,Argk,RpL22,rdx,Ahcy13,Fbp1,Rtnl1,Cp16,Cyt-c-p,GstD10,Ahcy13,Argk,Mdr50,Tm1,CG31635,Fbp1,Mdr50,Tm1,Argk,zip
47	yetfasco-1416	0.0148994	3.68702	M9		up,rdx,up,up,Clic,rdx,CG4406,rdx,up,wupA,Rtnl1,rdx,Fbp1,Tm1,CG6191
48	flyfactorsurvey-srp_SANGER_5_FBgn0003507	0.0148625	3.67415	M7	srp,GATAe,pnr,grn	Tm1,CG31635,RpL22,Fbp1,Tsp42Ea,CG6191,RpL22,Lsd-2,Argk,Ahcy13,Cyt-c-p,Mdr50,Lsp1gamma,zip,rdx,Argk,rdx,Tsp42Ea,Rpn11,Tsp42Ea,CG5377,CG12384,Rtnl1,smp-30,Tm1,rdx,Cp16,Argk,Mlc1,GstE6,Lsp2,Rtnl1,rdx,CG6191,rdx,zip,GstD10
49	transfac_pro-M00713	0.0148121	3.65654	M4		chic,up,up,Mhc,up,Lsd-2,sta,RpS17,RpL37A,Argk,wupA,tmod,Lsd-2,CG9463,tmod,wupA,Prm,wupA,Argk,wupA,CG2233,Mlc1,TpnC73F,Clic,tmod,CG4406,Akh,CG31635,Argk,Prm,Mhc,Akh,Mlc1,zip,lark,chic,Mdr50,Argk,tmod,hgo,Cp36,tmod,Prm,sta,up,tmod,Mhc
50	tfdimers-MD00558	0.0147849	3.64706	M9	E(bx),rn,foxo	up,Tm1,rdx,Rala,up,tmod,CG4406,sta,Clic,Rtnl1,CG31635,rdx,tmod,rdx,up,rdx
51	swissregulon-HLF.p2	0.0147772	3.64435	M13	vri,CG7786	Argk,rdx,Mlc1,Mhc,Prm,CG11381,Cp18,Cp15,Cyt-c-p,Argk,Tm1,GstD10,Argk,rdx,CG31635,Tm1,tmod,tmod,Cp18
52	homer-M00263	0.0147714	3.64232	M16	Trl,CG33260	rdx,Tm1,rdx,chic,up,up,rdx,wupA,wupA,CG31635,Mhc,zip,Rala,Tm1,Tm1,CG4406,Tm1,wupA,Tm2,chic,wupA,Mlc1,Rtnl1,rdx,Act57B,zip,CG6191,rdx,rdx,rdx,rdx,Lsd-2,rdx,sta,Rtnl1,CG12896,wupA,Mhc
53	jaspar-MA0043.1	0.0147025	3.61828	M13	vri,slbo,gt,CG7786	rdx,Argk,Mlc1,Mhc,CG6191,CG11381,Cp18,Prm,Tm1,Cp18,Cp15,Tm1,GstD10,tmod,Cpr64Aa,Argk,Tm1,rdx,CG31635,Cyt-c-p,tmod,Argk,Argk,Mhc,Ady43A,rdx,rdx,Tm1
54	transfac_public-M00347	0.0146472	3.59897	M7	grn,srp	CG31635,Tsp42Ea,RpL22,Tm1,zip,zip,Tsp42Ea,smp-30,Argk,Argk,rdx,Tsp42Ea,Rtnl1,RpL22,zip,rdx,Ahcy13,Argk,GstD10
55	flyfactorsurvey-jim_SANGER_2.5_FBgn0027339	0.014624	3.59085	M9	jim	up,up,CG4406,Tm1,sta,rdx,up,up,rdx,Clic,Tm1,rdx,Argk,CG6191,rdx,RpL36,Rtnl1,Rala,Clic,CG6191,Lsp1gamma,up,zip,tmod,RpS5a,rdx,Lsd-2,TpnC73F,CG31635,up,Cp38,Fbp1,Cp38,rdx,chic
56	stark-TAACCTC	0.0146211	3.58983	M17		Mlc1,Dot,Tm1,Tm1,NP15.6,rdx,wupA,CG6191,Ahcy13,RpS5a,Rtnl1,rdx,Tsp42Ea,Mlc1,Tm1,RpL36,Vm26Aa
57	stark-AAAAGCT	0.0146143	3.58746	M10		rdx,CG6191,up,Tsp42Ea,Ady43A,Prm,CG5377,Tsp42Ea,Tm2,TotA,CG6191,tmod,Argk,CG6337,Rtnl1,Argk,Argk,Argk,Argk,rdx,wupA
58	flyfactorsurvey-GATAe_SANGER_5_FBgn0038391	0.0145309	3.55834	M7	GATAe,srp,grn	Tm1,Argk,Tsp42Ea,CG31635,Lsd-2,RpL22,rdx,CG6191,Rpn11,Fbp1,Lsp1gamma,CG12384,RpL22,Ahcy13,Tsp42Ea,Cyt-c-p,Mdr50,zip,Mlc1,rdx,rdx,Argk,Rtnl1,Argk,GstE6,Rtnl1,tmod,Argk,Fbp1,GstD10,Tsp42Ea,CG5377
59	taipale-AGATAANN-GATA5-DBD	0.014526	3.55664	M7	pnr,srp,grn	CG31635,Tsp42Ea,Tsp42Ea,Tm1,tmod,zip,Argk,RpL22,RpL22,chic,Tsp42Ea,zip,Mdr50,Argk,Lsp1gamma,CG6191,Cyt-c-p,Ahcy13,Fbp1,rdx,Argk,CG6191,wupA,CG5377,Mlc1,GstD10,CG4406,zip,Tsp42Ea,Tm1,rdx,Mdr50,smp-30,rdx,Lsp2,Rtnl1,Fbp1,GstE6,CG31635,CG9463,Lsd-2,RpL34b,Argk,rdx,rdx,Tm1,zip,Cp16,tmod,zip,Dot,Rpn11,Rtnl1,rdx,CG12384,CG8628,Ahcy13
60	homer-M00073	0.0144892	3.54377	M7	grn,srp	CG31635,zip,Tm1,Tsp42Ea,RpL22,RpL22,Tsp42Ea,Argk,zip,Tsp42Ea,Cyt-c-p,Ahcy13,tmod,Argk,Lsp1gamma,smp-30,zip,Fbp1,RpL34b,Mdr50,Tm1,CG6191,Rtnl1,rdx,Tm1,rdx,Argk,CG5377,Mlc1,chic
61	homer-M00830	0.0144649	3.53531	M4		up,chic,Lsd-2,wupA,Lsd-2,up,Cpr64Aa,RpL37A,Mlc1,Argk,wupA,Prm,wupA,Mhc,Clic,CG6191,tmod,Prm,tmod,Fbp1,up,Mhc,Mhc,CG9463,tmod,Mhc,Mlc1,tmod,tmod,Rala,up,tmod,rdx,Prm,Prm,tmod,wupA,CG6337,zip,TpnC73F,Argk,Argk,Akh,Akh,rdx
62	transfac_public-M00252	0.0144213	3.52007	M2	Tbp,Taf1	up,chic,Cp18,Cp15,Cpr64Aa,Ady43A,CG12896,Cp36,up,TotA,wupA,Mhc,Fbp1,Lsp1gamma,Akh,Argk,tmod,Lsp1alpha,Mlc1,Lsp2,Act57B
63	yetfasco-1532	0.0144009	3.51296	M7	srp,grn	Tsp42Ea,RpL22,Tm1,Argk,Argk,Tsp42Ea,CG31635,Lsd-2,GstD10,zip,CG6191,Tsp42Ea,rdx,smp-30,Ahcy13,rdx,Rpn11,Fbp1,RpL22,rdx
64	elemento-TGGTCAC	0.0143689	3.50178	M18		Tm1,rdx,Mhc,Mhc,Argk,Dot,Cp16,tmod,Vm26Aa,RpL22,wupA,wupA
65	transfac_pro-M00789	0.014366	3.50077	M7	pnr,grn,CG9293,pho,phol,HLH4C,HLH3B,Max,nau,Hand,Mitf,da,Usf,CG34422,Med	Tm1,zip,Tsp42Ea,Lsd-2,Tm1,Tsp42Ea,CG31635,Argk,Tsp42Ea,Argk,rdx,RpL22,Mdr50,Tsp42Ea,RpL22,Ahcy13,CG6191,zip,CG6191,Fbp1,Rpn11,Fbp1,rdx,Argk,Lsp1gamma,chic,Tsp42Ea,CG12384,Rala,CG6337,zip,GstE6,tmod,Mlc1
66	stark-STATAWAWR	0.0143389	3.49129	M4	Tbp	chic,up,up,Mhc,Lsd-2,Lsd-2,tmod,Mlc1,Prm,RpL37A,wupA,Prm,Mhc,Mlc1,CG9463,tmod,up,TpnC73F,Argk,Clic,wupA,tmod,CG4406,wupA,Cpr64Aa,Akh,tmod,RpS17,Argk,Prm,tmod,Argk,TpnC73F,Argk,Cp18,Cp15,CG12896,Mhc,Akh,tmod,Mhc,wupA,tmod,CG10407,CG2233,Lsp2,Tm2,Ady43A,sta,rdx,Mhc,Argk,rdx,up,Tm1,tmod,up,wupA,CG6337,Rtnl1,zip,Cp16,Lsp1alpha,Cp36,wupA,Prm
67	factorbook-MEF2	0.0143243	3.48621	M6	Mef2	tmod,Mhc,Tm2,Mhc,Prm,wupA,up,Act57B,Act57B,Mlc1,Prm,Tm1,Rtnl1,Tm1,TpnC73F,cana,CG6191,Argk,zip,Prm,zip,up,Tm1,Act57B,chic,Tm2,chic,Mlc1,tmod,rdx,Argk,Prm,Argk,Mhc,Prm,tmod,Lsp1gamma,Tm1,Tm2,CG6191,Prm,chic,rdx,Prm,Ady43A,RpL37A,wupA,rdx,up,tmod,Tm1
68	yetfasco-1529	0.01427	3.46724	M7	grn	Tm1,Tsp42Ea,zip,Argk,Ahcy13,RpL22,Tsp42Ea,CG31635,Lsd-2,RpL22,Rpn11,CG6191,Fbp1,zip,rdx,CG12384,Tm1,Argk,Mdr50,Lsp1gamma,Tsp42Ea,Argk,rdx,smp-30,Argk,Rtnl1,Cyt-c-p,rdx
69	jaspar-MA0108.1	0.0142458	3.45878	M2	Tbp,Taf1	up,chic,Cp18,Cp15,Cpr64Aa,CG12896,Ady43A,Cp36,up,TotA,Mhc,Fbp1,Lsp1gamma,Argk,Akh,wupA,Lsp1alpha,tmod,Mlc1,Act57B,Lsp2
70	transfac_pro-M03157	0.0142399	3.45674	M13		Tm1,rdx,Cp18,Act57B,Argk,Argk,tmod,Mlc1,wupA,tmod,Cyt-c-p,Tsp42Ea,Rtnl1,Tm1,Tm1
71	transfac_pro-M00407	0.0142341	3.45471	M6	Mef2	Prm,chic,tmod,Prm,up,CG6191,Mlc1,Prm,Tm2,Tm1,Lsd-2,Prm,up,Act57B,Tm1,Tm2,Tm2,Tm1,CG6191,Ady43A,CG6337,tmod,Prm,Rtnl1,Ahcy13,Mhc,Act57B,Argk,RpL37A,Act57B,Argk
72	yetfasco-1448	0.0141682	3.43168	M6		up,chic,up,Mhc,up,Lsp1alpha,Lsd-2,RpL37A,wupA,Lsd-2,CG9463,Argk,Prm,Akh,wupA,CG4406,Mhc,Tm2,Clic,Mlc1,Argk,tmod,wupA,Act57B,sta,TpnC73F,wupA,Mhc,Act57B,cana,Tm2,Tm1,Argk,Argk,tmod,CG31635,Mlc1,Argk,tmod,Akh,up,Dot,sta,Prm,CG2233,Prm,wupA,zip,CG2233,RpS17,CG6191,lark
73	taipale-AGATAANN-GATA4-DBD	0.0141653	3.43067	M7	pnr,srp,grn	CG31635,Tsp42Ea,Tm1,Tsp42Ea,zip,tmod,Argk,RpL22,RpL22,chic,Tsp42Ea,Argk,Mdr50,zip,CG6191,Ahcy13,Lsp1gamma,Cyt-c-p,Argk,Fbp1,rdx,wupA,Tsp42Ea,GstD10,zip,CG6191,Tm1,CG4406,smp-30,Mdr50,Mlc1,rdx,Lsp2,rdx,CG31635,Rtnl1,CG5377,GstE6,CG9463,tmod,Lsd-2,Argk,Tm1,rdx,Fbp1,Cp16
74	flyfactorsurvey-lola_SOLEXA_5_FBgn0005630	0.0141158	3.4134	M10	lola	Prm,Ady43A,rdx,up,rdx,CG6191,CG6337,Tsp42Ea,Argk,Tsp42Ea,CG5377,CG6191,Tm2,Argk,Mhc,Argk,Rtnl1,CG8628,Tm1,rdx,tmod,Ady43A,CG6191,Tm1,TotA,Fbp1,Rtnl1,Akh,sta
75	taipale-AGATAANN-GATA3-full	0.0141032	3.409	M7	grn,srp,pnr	CG31635,Tm1,Tsp42Ea,Tsp42Ea,zip,tmod,Argk,RpL22,RpL22,Ahcy13,zip,Tsp42Ea,chic,Argk,Mdr50,Argk,Lsp1gamma,CG6191,zip,Fbp1,CG6191,Cyt-c-p,Mlc1,GstD10,Tm1,rdx,Lsd-2,smp-30,Mdr50,rdx,rdx,wupA,Tsp42Ea,Tm1,zip,Rtnl1,GstE6,Argk,CG4406,Cp16,CG31635,Lsp2,tmod
76	stark-TGANTCA	0.0140993	3.40764	M19	tgo,Jra	chic,Tsp42Ea,zip,tmod,Tm1,Mhc,Tsp42Ea
77	transfac_pro-M00317	0.0139927	3.37039	M11		tmod,up,rdx,Prm,Tm1,up,Clic,rdx,CG31635,Argk,CG5377,CG6191,Tm1,sta
78	taipale-KCTAWAAATAGM-MEF2A-DBD	0.0139461	3.35414	M6	Mef2	cana,tmod,Rtnl1,Act57B,Tm2,wupA,Prm,Prm,Tm1,Tm1,up,Mlc1,TpnC73F,rdx,Prm,chic,CG6191,chic,CG6191,Mhc,RpL37A,Act57B,Prm,Mhc,Act57B,Prm,Argk,Tm1,Tm2,Tm2,tmod,Act57B,Argk,up,Argk,up,Argk,tmod,Ady43A,zip,Lsd-2,Prm,AQP,CG31635,Mhc,tmod,Ahcy13
79	elemento-AAGGTGA	0.0139393	3.35176	M20		tmod,rdx,tmod,rdx,wupA,Dot,rdx,Argk,rdx,Lsp1gamma,Tm1,Argk,Vm26Aa,Tm1,CG6337,rdx
80	taipale-NCTAWAAATAGM-MEF2D-DBD	0.0139073	3.34059	M6	Mef2	cana,tmod,Rtnl1,Tm2,Act57B,Prm,rdx,wupA,Prm,up,Tm1,Tm1,chic,CG6191,TpnC73F,Mlc1,Prm,Mhc,Argk,Tm1,Tm2,CG6191,Mhc,Prm,RpL37A,Ady43A,Act57B,Prm,Act57B,up,up,AQP,Lsd-2,chic,Act57B,zip,Argk,tmod,Tm1,CG31635,Tm2,Argk,Mhc,Prm,Akh,CG6191,Mlc1,Prm,Ahcy13,Prm,rdx,Lsd-2,Argk,Tsp42Ea
81	yetfasco-966	0.0138986	3.33754	M19	kay,Atf3,Jra,cnc,tgo	Tsp42Ea,chic,Tsp42Ea,tmod,tmod,zip,zip,Prm,Mhc,Tm1,Tm1,Tm1,tmod,wupA,Ady43A,Argk,zip,rdx
82	jaspar-PF0007.1	0.0138598	3.324	M19	kay,Jra,Atf3,tgo	Tsp42Ea,zip,chic,Tm1,Tsp42Ea,Tm1,Ady43A,Tm1,zip,zip,zip,Prm,Mhc,Mhc,Prm,RpL22,Tm1,rdx,Vm26Aa,tmod,Tm1,Tm2,Argk,chic,Tsp42Ea,Cp36,tmod,Fbp1,tmod,zip,rdx,Rtnl1,CG5377,Rtnl1,Tm1,CG31635,smp-30,Tm1
83	homer-M01486	0.0137628	3.29013	M21		CG31635,Tsp42Ea,Argk,Argk,zip,Tm1,GstD10,smp-30,RpL22,Tsp42Ea,CG6191,Tsp42Ea,rdx,Lsd-2,Clic,rdx,CG3792,zip,rdx,rdx,Rpn11,Cyt-c-p,Fbp1,Ahcy13,Ugt35b,Lsp1gamma,Dot,RpL22,Argk,CG12384,rdx,Fbp1,rdx,rdx,CG6191,CG6191,chic,Mdr50,GstE6,zip
84	yetfasco-1631	0.0137202	3.27523	M7	srp,grn	CG31635,Tsp42Ea,Tm1,RpL22,Argk,Argk,Tsp42Ea,zip,CG6191,Tsp42Ea,smp-30,GstD10,rdx,zip,Lsd-2,rdx,Lsp1gamma,Fbp1,Ahcy13,Cyt-c-p,zip,CG6191
85	homer-M01742	0.0136852	3.26304	M22	Hsf	Argk,CG6191,Mhc,RpL22,Cp18,Cp15,up,Mhc,Dot,Tm1,CG6337,chic,rdx,Prm,GstD10,Act57B,Argk,up,Tsp42Ea,Act57B,up,tmod,tmod,tmod,Mhc,up,Prm,chic,Mlc1,GstE6,tmod,Mhc,RpL32,Act57B,Tm1,Tm2,Argk,rdx,Prm,CG4406,Prm,Mhc
86	yetfasco-1456	0.0136814	3.26169	M23		chic,Mhc,CG31635,wupA,rdx,up,Mhc,chic,up,Act57B,TpnC73F,Tm1,Tm1,Prm,Mhc,tmod,Mhc,CG31635
87	transfac_pro-M02004	0.0136736	3.25898	M7	grn,pnr,Med,CG9293,HLH4C,HLH3B,Max,nau,Hand,Mitf,da,Usf,CG34422,pho,phol	CG31635,Tm1,Lsd-2,smp-30,zip,RpL22,Tsp42Ea,zip,rdx,Argk,Lsp1gamma,RpL22,CG12384,Fbp1,Argk,Rpn11
88	yetfasco-1310	0.0136164	3.239	M6		Rtnl1,Mhc,Prm,Lsd-2,Act57B,Mhc,Tm1,cana,Argk,RpL37A,Argk,wupA,Act57B,up
89	taipale-RCTAWAAATAGM-MEF2B-full	0.0135921	3.23053	M6	Mef2	cana,Tm2,Rtnl1,Prm,tmod,rdx,TpnC73F,Act57B,Tm1,wupA,CG6191,Argk,up,Prm,CG6191,Prm,chic,Mhc,Prm,Tm1,Ady43A,RpL37A,Mlc1,Prm,Tm1,Tm2
90	yetfasco-556	0.0135824	3.22714	M24		up,Lsd-2,up,Mhc,chic,RpL37A,up,Akh,wupA,Prm,Clic,tmod,CG2233,wupA,wupA,Mlc1,CG31635,sta,Argk,Tm1,wupA,Tm2,RpS17,Prm,Argk,tmod,CG9463,TpnC73F,CG6337,Mhc,Lsp1alpha,lark,Argk,tmod,CG2233,CG10407,Lsd-2,Tm2,Act57B,Akh,tmod,Argk,Mdr50,up,Tm1,chic,wupA,Mlc1,RpS17,tmod,Mhc,up,Rtnl1,wupA,Prm,Tm1,CG31635,CG4406,Argk,Act57B,Argk,tmod
91	yetfasco-372	0.0135272	3.20784	M21	grn	CG31635,Tsp42Ea,Argk,RpL22,zip,Tm1,Argk,Tsp42Ea,CG6191,rdx,GstD10,Argk,rdx,Ahcy13,Rpn11,RpL22,Lsp1gamma,Lsd-2,rdx,smp-30,CG12384,Tsp42Ea,CG6191,Cyt-c-p,CG5377,Mlc1,CG3792,Fbp1,Mdr50,Rtnl1,Argk,Tsp42Ea,rdx,CG6191,Cp16,rdx,Cp36,GstE6,zip,Clic,Fbp1,Tm1,chic,chic
92	yetfasco-1230	0.0135243	3.20683	M24		Clic,tmod,up,Tm2,rdx,wupA,up,Lsd-2,RpL37A,Argk,Mhc,Argk,sta,wupA,wupA,TpnC73F,CG4406,Mhc,rdx,CG2233,Argk,Tm1,wupA,up,CG4406,wupA,Lsp1alpha,Argk,Akh,chic,Clic,Act57B,CG9463,zip,Prm,Mhc,Prm,Tm2,lark,Lsd-2,TpnC73F,Lsd-2,CG3792,CG2233,Vm26Aa,RpL22,Tm1,rdx,Mdr50,GstE6,RpS17
93	homer-M00254	0.0134874	3.19396	M7	grn	CG31635,RpL22,CG5377,rdx,Rpn11,Mlc1,chic,Tm1,CG6191,CG12384,rdx,smp-30,Lsp1gamma,Cyt-c-p,Lsd-2,Tsp42Ea
94	taipale-NRTTACGTAAYN-DBP-full	0.0134835	3.1926	M13	gt,vri,CG7786	Argk,Mhc,rdx,Cp18,NP15.6,Cyt-c-p,Mlc1,Argk,Argk,Argk,Tm1,ox,Mhc,CG31635,wupA,Tm1,Prm,Tm1,Argk,tmod,rdx,Prm,rdx,CG11381,GstD10,Tsp42Ea,Vm26Aa,up,Mlc1,Rala,tmod,Tm1,sta,Tm1,rdx,CG6191,rdx,Ady43A,Cpr64Aa,CG6191,Argk,Rtnl1,Rtnl1,Mdr50,CG6191,tmod,CG31635,Mhc,Mhc,cana,tmod,Tm1,Tm2
95	taipale-NNMCCATATAWGGKNN-SRF-full	0.0134719	3.18854	M14	bs	tmod,zip,Tm1,zip,Tm1,wupA,Act57B,Mhc
96	flyfactorsurvey-br-PL_SOLEXA_FBgn0000210	0.0134341	3.17533	M25	br	tmod,Argk,Argk,Lsp1gamma,up,Act57B,up,RpL37A,Tsp42Ea,Mhc,cana,rdx,Tm1,Mhc,up
97	yetfasco-1458	0.0134244	3.17195	M23		wupA,rdx,up,wupA,chic,CG6337,TpnC73F,Tm1,Prm,Mhc,Clic,Mlc1,up,Mhc,CG31635,zip,tmod,Rtnl1,chic,up,Mhc,wupA,wupA,CG31635,chic,Mhc
98	transfac_public-M00026	0.0133943	3.16145	M6	Mef2	tmod,Prm,Prm,chic,CG6191,up,Tm1,Tm1,Tm2,Mlc1,Rtnl1,Prm,Prm,Tm2,Act57B,RpL37A,Ahcy13,cana,wupA,CG6191,Argk,Prm,Ady43A,Tm1,Tm2,Prm,Mhc,Argk,tmod,Act57B,up,Lsd-2,Mhc,rdx,CG6337,tmod,zip,Lsd-2,Akh,rdx,Mhc
99	transfac_public-M00349	0.013372	3.15366	M7	grn	CG31635,RpL22,smp-30,zip,rdx,Argk,Tsp42Ea,Tm1,zip,Tsp42Ea,rdx,CG4406
100	yetfasco-1221	0.0133652	3.15129	M9		wupA,up,up,rdx,Clic,Tm1,rdx,CG4406,up,Prm,sta
101	homer-M00538	0.013341	3.14282	M9	hb,rn	up,up,up,CG4406,Clic,sta,Argk,up,CG6191,rdx,Tm1,Rtnl1,rdx,rdx,CG6191,rdx,wupA
102	taipale-TTCTAGAANNTTC-HSF1-full	0.0133119	3.13266	M22	Hsf	Argk,CG6191,RpL22,Mhc,chic,Mhc,Dot,Argk,Prm,Mhc,Lsd-2,up,GstD10,CG6191,Prm,CG6337,Act57B,Cp18,Cp15,Tm1,RpL22,Prm,Mhc,tmod
103	yetfasco-798	0.013307	3.13097	M1	Tbp	chic,wupA,up,up,Mhc,Argk,Prm,Akh,Prm,wupA,Lsd-2,wupA,Lsd-2,Prm,up,Mhc,Argk,RpL37A,Argk,CG9463,TpnC73F,Act57B,Mlc1,Argk,Tm2,Tm1,tmod,tmod,Argk,wupA,lark,CG4406,tmod,chic,Tm2,Mlc1,tmod,tmod,RpS17,RpL22
104	factorbook-TBP	0.0132741	3.11946	M2	Tbp,Taf1	Ady43A,Fbp1,Lsp1alpha,Dot,CG12896,Lsp1gamma,Cpr64Aa,Cp36,Akh,CG6337,Cp18,Cp15,Cp16,Lsd-2,Argk,Cpr65Au,up,Lcp65Ag1,Lsp2,Fbp1,Mhc,up,CG16713,tmod,chic,CG4406,Cpr65Au,rdx,Cp18,Prm,Argk,Tm1,CG11381
105	yetfasco-419	0.0132741	3.11946	M6	Mef2,br	up,cana,Rtnl1,Argk,RpL37A,Mhc,Act57B,Tm1,Prm,Act57B,rdx,Tm1,wupA,Mhc,tmod,chic,Mhc,Prm,chic,Prm,Lsd-2,CG6191,Tm2,TpnC73F,Mlc1,Cpr64Aa,CG4406,Tm1,Tm2,Prm,rdx,CG6191,vih,up,Prm,Mlc1,Argk,rdx,tmod,Argk,Tm1,Akh,Act57B
106	factorbook-AP1	0.0131907	3.09033	M19	Jra,kay,tgo,cnc,Atf3	chic,Tsp42Ea,Tsp42Ea,zip,zip,Prm,Tm1,Mhc,Tm1,Tm1,tmod,Argk,tmod,zip,tmod,CG6337,Tm1,chic,rdx,Tm1,Tsp42Ea,Ady43A,Argk,zip,Tm1,Mhc,zip,RpL22,Cp36,smp-30,rdx,CG31635,Rtnl1,Rtnl1,Rala,Act57B,Rtnl1,wupA,Vm26Aa,Argk,CG6191,Dot,Rtnl1,CG6191,Rtnl1,Tsp42Ea,tmod
107	taipale-TTCTAGAANNTTC-HSF2-DBD	0.0131645	3.08119	M22	Hsf	Argk,CG6191,Lsd-2,Mhc,RpL22,Mhc,chic,Mhc,Rtnl1,Cp18,Cp15,Act57B,GstD10,Mhc,up,Prm,Prm,Dot,Argk,CG6191,Tm2,Tsp42Ea,CG6337,Tm1,Tm2,Rtnl1,Prm,up
108	homer-M00260	0.0131577	3.07882	M7	grn	CG31635,Lsd-2,CG12384,Tm1,rdx,CG6191,Rpn11,Fbp1,RpL22,rdx,Tsp42Ea,Fbp1,rdx,CG5377,Cyt-c-p,smp-30,Mdr50,Mlc1,zip
109	jaspar-MA0001.1	0.0131548	3.0778	M6	bs	Tm1,Tm1,Mhc,zip,Act57B,Mhc,wupA,zip,Tm1,CG4406,up,zip,Prm,up,Mlc1,tmod,cana,up,Tm2,Argk,up,rdx,Act57B,Mhc,rdx,RpL37A,Cpr64Aa,Rtnl1,chic,Tm1,Mhc,Act57B,Dot,CG31635,TpnC73F,chic,zip,Prm,Prm,Tm1,Mhc,Lsp1gamma,wupA,Prm,Tm1,RpL22,CG6191,Act57B
110	flyfactorsurvey-jim_F1-9_SOLEXA_2.5_FBgn0027339	0.0131305	3.06934	M9	jim,rn	up,rdx,up,sta,Tm1,tmod,CG6191,Rtnl1,up,Rala,rdx,Clic,up
111	yetfasco-988	0.0131189	3.06527	M5		sta,Akh,Argk,chic,Mhc,up,up,CG2233,Lsd-2,up,RpL37A,Clic,CG6337,CG31635,wupA,CG4406,wupA,wupA,TpnC73F,Argk,Lsd-2,tmod,Mdr50,Prm,Argk,up,CG2233,Tm2,CG9463,Rtnl1,sta,Tm1,Act57B,RpS17,Argk,tmod,Argk,lark,Tm1
112	taipale-AGATAANN-GATA3-DBD	0.0130995	3.0585	M7	grn,srp	Tsp42Ea,CG31635,Tsp42Ea,Tm1,Argk,tmod,RpL22,zip,Tsp42Ea,RpL22,Argk,zip,Lsp1gamma,chic,Mdr50,Argk,CG6191,Ahcy13,Tsp42Ea,Fbp1,GstD10,rdx,smp-30,Cyt-c-p,wupA,zip,Mlc1,Mdr50,CG6191,Tm1,rdx,CG31635,CG4406,Argk,rdx,Rtnl1,Lsp2,Lsd-2,GstE6,tmod
113	jaspar-PF0054.1	0.0130917	3.05579	M6		Tm1,chic,Tm1,up,Act57B,wupA,cana,Mhc,Tm1,chic,Mlc1,RpL37A,chic,CG6191,rdx,Argk,tmod,Tm1,AQP,Mhc,rdx,Tm2,Act57B,Fbp1,Tm2,Cyt-c-p,rdx,RpL22,Argk,Tm1,Rtnl1,TpnC73F
114	transfac_pro-M01612	0.0130665	3.04699	M26		wupA,wupA,Mlc1,zip,Rtnl1,up,Mlc1,rdx,sta,Akh,tmod,Lsd-2,tmod,Act57B,Rtnl1,CG31635,rdx,Mhc,CG4406,Mhc,up,wupA
115	transfac_public-M00033	0.0129899	3.02023	M16	nej,E(bx),E2f,Pur-alpha	Tm1,chic,Dot,rdx,rdx,rdx,up,rdx,Argk,tmod,Prm,tmod,sta,CG4406,rdx,wupA,Clic,Mhc
116	yetfasco-1063	0.0129356	3.00127	M4		Prm,CG11381,Cp15,Mlc1,sta,Argk,rdx,CG4406,Act57B,zip,Argk,chic,Argk,Mhc,Act57B,tmod,hgo,RpS17,tmod,Cp38,CG6191,tmod,wupA,Akh,Mhc,Mhc,up,Vm26Aa,CG6337,up,rdx,Lsd-2,chic,CG8329,rdx,Clic,rdx,tmod,Cp18,wupA,Argk,rdx,CG16713,Prm,zip,zip,tmod,Mlc1
117	transfac_pro-M03849	0.0129065	2.99111	M15	Sox14	Argk,up,up,rdx,sta,Tm1,Argk,Clic,CG6191,rdx,tmod,tmod
118	transfac_pro-M02328	0.0129026	2.98976	M8	ara	Argk,sta,up,Tm1,CG31635,Clic,Argk,TpnC73F,Tm1,Akh,Rtnl1,CG6191,tmod,sta,Act57B,tmod,zip,Tm1,CG4406,Clic,CG6191,up,Mlc1,Rala,tmod,up,rdx,Dot,CG31635,rdx,Rala,Tm1,wupA,sta,rdx,rdx,Tm1,rdx,up,wupA,Tm1,Mhc,Tm2
119	yetfasco-615	0.0128997	2.98874	M22	Hsf	Argk,CG6191,Cp18,Cp15,up,Dot,up,Mhc,rdx,CG6337,Mhc,Prm,Tm1,RpL22,Act57B,Prm,tmod,Act57B,Act57B,GstD10,up,Argk,Rtnl1,CG4406,Mhc,rdx,tmod,Tsp42Ea,tmod,tmod,Mlc1,Tm1,Tm2,Prm,chic
120	jaspar-MA0052.1	0.0128852	2.98366	M6	Mef2	cana,tmod,rdx,Act57B,up,Tm1,wupA,Mlc1,TpnC73F,Tm1,Tm2,Prm,Act57B,Mhc,CG6191,chic,chic,Rtnl1,RpL37A,Prm,tmod,Mhc,Argk,Prm,zip,up,Cp36,Prm,Act57B,Act57B,Tm1,Tm2,Prm,CG6191,CG31635,Prm,Cpr64Aa,up,Lsd-2,Mhc,Argk
121	elemento-ACTCACC	0.0128765	2.98061	M27		up,tmod,chic,wupA,Argk,wupA,tmod,rdx,Rtnl1,Tsp42Ea,tmod,Argk,Tm1,sta,rdx,Mhc,rdx,zip,CG31635,Prm,CG6337,Tm1,wupA,cana,Cyt-c-p,zip,CG4406,zip,lark,Tm1,Tm2,tmod,Cpr64Aa,zip,tmod,up,wupA,Mdr50
122	transfac_pro-M01267	0.0128755	2.98027	M19	kay,Jra,cnc	chic,tmod,Tsp42Ea,zip,zip,Argk,Tm1,Tm1,Tsp42Ea,Mhc,Tm1
123	flyfactorsurvey-hb_NAR_FBgn0001180	0.0128677	2.97757	M9	hb,rn	up,up,up,up,CG4406,sta,CG6191,rdx,Clic,Rala,Argk,Cp38,rdx,chic,Rtnl1,rdx,tmod,wupA,rdx,up,Prm,Lsp1gamma,CG6191,rdx,Lsd-2,Clic,tmod,rdx,Tm1,Lsd-2,TpnC73F,CG6191,Mhc,Argk,chic,Argk,Tm1,RpL36,Fbp1,rdx,Tm1,rdx,CG31635,Tm1,CG31635,up,Fbp1,wupA,rdx,Mhc
124	yetfasco-1264	0.0128619	2.97553	M9		up,sta,up,Clic,up,CG4406,rdx,wupA,Tm1,Cp38,rdx,wupA,wupA,CG6191,Lsd-2,up,Cp38,rdx,wupA,rdx,Tm1,Argk,Prm,CG6191,rdx,CG31635,rdx,zip,rdx,up,Tm1,up,rdx,CG6191,CG6337,Argk,Lsp1alpha,RpL36,Clic,Prm
125	homer-M00652	0.0128522	2.97215	M5	Top2	sta,up,Lsd-2,up,chic,CG4406,Prm,Argk,up,Rtnl1,Argk,Mhc,TpnC73F,Lsd-2,Akh,tmod,Tm2,CG4406,Prm,wupA,Prm,CG9463,Lsd-2,RpL37A,CG31635,Mhc,Clic,Mlc1
126	tiffin-TIFDMEM0000062	0.0128396	2.96775	M5		sta,Prm,Lsd-2,Argk,up,Mhc,Akh,up,up,CG4406,Lsd-2,Rtnl1,RpL37A,Lsd-2,chic,Tm2,wupA,Argk,CG4406,TpnC73F,Mlc1,Prm,RpS17,Tm1,wupA,Tm2,RpS17,tmod,Argk,rdx,wupA,CG2233,Mhc,Clic,CG9463,up,wupA,wupA,TpnC73F,Mlc1,rdx,sta,Prm
127	yetfasco-625	0.0128377	2.96707	M6		chic,tmod,tmod,up,Cp38,cana,Mlc1,CG6191,Cpr64Aa,tmod,rdx,Prm,Lsd-2,Tm1,wupA,RpL37A,CG4406,Tm2,Argk,Argk,up,tmod,Prm,Argk,Argk,RpS17,rdx,Tm1,CG9463,Lsd-2
128	yetfasco-1245	0.0128125	2.95826	M9	E(bx)	CG4406,rdx,up,rdx,wupA,up,Lsd-2,rdx,rdx,up,rdx
129	yetfasco-1193	0.0128057	2.95589	M9		up,Cp38,Tm1,rdx,CG6337,rdx,Lsp1gamma,Rtnl1,rdx,Lsd-2,CG4406,up,Lsd-2
130	homer-M00232	0.0127775	2.94607	M18		mRpL27,Argk,NP15.6,mRpS11,CG9344,Tm1,tmod,chic,Tm1,tmod,lark,zip,RPA2,RpS17,RpS5a,sta,RpL34b,wupA,RpL22,vih
131	transfac_pro-M01244	0.0127678	2.94269	M22	Hsf	Argk,CG6191,Mhc,RpL22,Lsd-2,up,up,Dot,chic,Mhc,CG6191,GstD10,Prm,Tm2,Prm,Act57B,rdx,CG6337,Rtnl1,tmod,Vm26Aa,Prm,Prm,Mhc,Mhc,Cp18,Cp15,Prm,Argk,Mhc,Prm,RpL22,Mhc,up,Clic,tmod,CG16713,Act57B,up,CG4406,sta,Mhc,Argk,Act57B,Lsp1gamma,CG5377,Argk
132	homer-M00067	0.0127649	2.94167	M7	grn,srp,pnr,Sirt6	Tm1,Lsd-2,CG31635,RpL22,RpL22,smp-30,CG6191,Ahcy13,Fbp1,Tsp42Ea,Rpn11,CG12384,Argk,Rtnl1,zip,Lsd-2,Lsp1gamma,Tsp42Ea,rdx,Argk,RpL22,Fbp1,rdx,rdx,Cp16,Ahcy13,Cyt-c-p,rdx,Ahcy13,Argk,Mdr50,zip,GstD10,zip,Tm1,Argk,Mdr50,CG31635,Tsp42Ea,Rtnl1,Clic,Fbp1,Tm1,Tsp42Ea,Lsp2,Tm1
133	yetfasco-1182	0.0127562	2.93862	M9		wupA,rdx,up,up,up,CG4406,rdx,sta,Clic,rdx,Cp38,rdx,Lsd-2,wupA,Tm1,rdx,wupA,wupA,Prm,Prm,rdx,rdx,Tm1,CG6337,Cp38,Argk,up,chic,Tm1,wupA,rdx,CG6191,Tm1,Rtnl1,CG31635,CG31635,CG6191,rdx,Fbp1
134	stark-GTATNWATA	0.0127552	2.93828	M28		chic,Prm,up,Lsd-2,Mhc,Lsd-2,Prm,CG31635,RpL37A,Mlc1,up,Mlc1,TpnC73F,Mhc,sta,up,wupA,Akh,wupA,CG9463,Clic,Argk,tmod,Argk,tmod,RpS17,Mhc,wupA,Mhc,Mlc1,CG4406,Argk,zip,wupA,Rtnl1,Tm2,Tm1,CG2233,Argk,Lsp2,Mdr50,Akh,tmod,Argk,sta,Clic,CG6337,Tm2,Tm1
135	yetfasco-491	0.0127552	2.93828	M7	pnr	CG31635,Tsp42Ea,rdx,Lsd-2,Tm1,CG12384,Argk,GstD10,CG6191,Rpn11,Fbp1,Tsp42Ea,zip,Fbp1,Argk,Mdr50,Lsd-2,chic,RpL22,Argk,rdx,Tsp42Ea,Cp16
136	transfac_pro-M01600	0.0127504	2.93659	M29	Atf-2,Atf3,CrebB-17A,Jra,Xbp1	Rala,Tm1,Argk,tmod,CG12384,up,wupA,Rtnl1,Tm1,Dot,CG4406,Tm1,Tm1,wupA,wupA,Tm1,zip,Tm1,rdx,CG31635,Rtnl1,CG31635,CG6191,Rtnl1,Rala,tmod,CG6191,Cp18,rdx,rdx,Vm26Aa,Lsp1gamma,Prm,AQP
137	transfac_public-M00028	0.0127485	2.93591	M30	Hsf	rdx,up,Mhc,Prm,Act57B,Lsp1gamma,rdx,zip,Prm,tmod,tmod,CG4406,Tm2,Tm1,tmod,chic,rdx,Argk,zip,Clic,CG6337,chic,Prm,Lsp1gamma,CG6191,Tm1,rdx,Argk,cana,CG4406,up,zip,Cp15,CG6191,tmod,Tm1,wupA,Akh,tmod,sta,up
138	transfac_pro-M02303	0.0127097	2.92237	M31		Prm,rdx,up,zip,Prm,TpnC73F,Mlc1,wupA,up,Mhc,rdx,Dot,up,tmod,tmod,Rtnl1,Argk,RpS5a,Tm2,rdx,Rtnl1,zip,up,rdx
139	yetfasco-1098	0.012698	2.9183	M1		chic,up,sta,up,tmod,Akh,up,Mhc,Lsd-2,Prm,Argk,RpL37A,wupA,Lsd-2,CG4406,Tm2,Argk,CG2233,Prm,CG4406,wupA,Mlc1,Tm2
140	yetfasco-2074	0.012636	2.89663	M13	vri,CG7786	Cp18,tmod,Argk,Tm1,Mhc,Mlc1,Tsp42Ea,wupA,ox,rdx,Argk,rdx,Rtnl1,Cyt-c-p,Mhc,Vm26Aa,tmod,Cpr64Aa,Tm1,CG31635,CG12384,Argk,Argk,Ady43A,NP15.6,Prm,rdx,Tm1,Tm2,Argk,tmod,wupA,CG4406,rdx,Tm1,rdx,Rala,Tm1,RpL34b,Mhc,Tm2,Prm,Tm1,Tm1,tmod
141	encode-UW.Motif.0001	0.0126098	2.88749	M19	kay,cnc,Atf3,Jra	chic,tmod,Tsp42Ea,zip,Tm1,Tsp42Ea,zip,Argk,Mhc,Tm1,Mhc,rdx,zip,Prm,tmod,Tm1
142	yetfasco-1498	0.0125943	2.88207	M32		rdx,rdx,tmod,up,wupA,Mhc,tmod,rdx,Tm1,sta,up,Lsd-2,Clic,Fbp1,tmod,Tsp42Ea,CG31635,Cp36,Prm,CG31635,CG6191,CG31635,Cp38,Mlc1,Dot,rdx,Rtnl1,wupA,up,zip,Tm1,wupA,Prm,CG34215,RpL22,Argk,Tm2,zip,Argk,rdx,Argk,Akh,tmod
143	transfac_pro-M01883	0.0125933	2.88173	M33		Tm2,Prm,rdx,tmod,tmod,tmod,tmod,rdx,CG6191,Prm,rdx,tmod,rdx,tmod,rdx,rdx,CG6191
144	transfac_public-M00037	0.0125904	2.88071	M19	cnc,maf-S,Jra	tmod,chic,Ady43A,Tm1,Mhc,zip,Tsp42Ea,rdx
145	homer-M01476	0.0125768	2.87597	M21	grn	Tsp42Ea,CG31635,Argk,RpL22,Tm1,zip,Tsp42Ea,CG6191,Argk,rdx,GstD10,Ahcy13,Argk,rdx,Rpn11,Lsp1gamma,rdx,RpL22,smp-30,Lsd-2
146	stark-RSWGAGMRHRR	0.0125749	2.8753	M16	Trl,CG33260	rdx,Tm1,rdx,CG12896,Rala,rdx,up,chic,tmod,wupA,chic,Rtnl1,tmod,Act57B,Tm1,CG31635,Argk,Cyt-c-p,zip,wupA,Mhc,Tm1,Tm1,rdx,Argk,CG4406,CG31635,RpS5a,Tm2,Vm26Aa,rdx,Argk,Rtnl1,CG6191,RpL22,rdx,wupA,rdx,Clic,Prm,sta,up,rdx,Tm1,zip,rdx,tmod,Ady43A
147	transfac_pro-M03552	0.012572	2.87428	M19	Jra,cnc	tmod,Mhc,chic,Tsp42Ea,Tm1,zip,Argk,zip,tmod,Tm1
148	yetfasco-1113	0.01257	2.8736	M5		sta,chic,Lsd-2,up,Argk,RpL37A,wupA,hgo,Akh,CG9463,up,Argk,up,tmod,Tm2,Mhc,Clic,Tm2,wupA,CG4406,CG4406,RpS17,Argk,tmod,CG31635,Mlc1,Lsd-2,Lsd-2,wupA,Mhc,TpnC73F,Argk,CG2233,Act57B,up,Prm,vih,rdx,sta,Prm,RpS17
149	transfac_pro-M00406	0.0125574	2.8692	M34	Mef2	Mhc,Mhc,Argk,Tm2,tmod,Tm2,tmod,Prm,rdx,Tm1,Prm,CG6191,rdx,CG6191,Act57B,tmod,Act57B,rdx,wupA,Argk,Ahcy13,up,Prm,Tm1,tmod,CG6337,Mlc1,chic,rdx,CG4406,RpL37A,wupA,Tm1,rdx,CG6191,CG31635,Tm1
150	transfac_public-M00128	0.0125497	2.86649	M7	grn,pnr	Lsd-2,Tm1,Fbp1,CG12384,RpL22,rdx,zip,Rpn11,Argk,smp-30,zip,Argk,Lsd-2,CG6191,Argk,Lsp1gamma,CG6191
151	jaspar-PF0072.1	0.0125409	2.86344	M22		Mhc,Mhc,Lsd-2,CG6191,Argk,RpL22,CG4406,up,rdx
152	yetfasco-373	0.0125341	2.86107	M21		CG31635,Tsp42Ea,zip,Argk,Argk,RpL22,GstD10,smp-30,rdx,Tsp42Ea,Tsp42Ea,Tm1,rdx,CG6191,Clic,Lsd-2,zip,CG3792,CG6191,rdx,Cyt-c-p,rdx,Ugt35b,rdx,chic,Rpn11,CG12384,Argk,Ahcy13,Fbp1,rdx,RpL22,CG5377,Dot,Fbp1,Lsp1gamma,Mlc1,Mdr50,Ugt35b,Cp36,GstE6
153	flyfactorsurvey-Mirr_Cell_FBgn0014343	0.0124633	2.83635	M11	mirr,ara,caup	sta,Argk,up,CG31635,Tm1,TpnC73F,up,Clic,Akh,tmod
154	taipale-NRTTACGTAAYN-Hlf-DBD	0.0124517	2.83229	M13	vri,gt,CG7786	Mhc,rdx,NP15.6,Mlc1,Argk,Argk,Cp18,Argk,Tm1,Cyt-c-p,Tsp42Ea,tmod,Prm,Rala,rdx,Prm,wupA,Argk,Mhc,Vm26Aa,Tm1,GstD10,ox,sta,Tm1,Tm1,up,CG11381,Tm1,Prm,CG31635,Argk,wupA,tmod,CG6191,rdx,rdx
155	homer-M00216	0.0124362	2.82687	M9	bs	up,up,rdx,Tm1,sta,rdx,up,Rala,rdx,CG6191,Rtnl1,Clic,up,CG4406,Fbp1,CG31635,rdx,rdx,rdx,rdx,tmod,Clic,CG6191,chic
156	taipale-NRTTACRTAAYN-TEF-DBD	0.0124032	2.81536	M13	CG7786,vri,gt	Mhc,rdx,Argk,NP15.6,Cp18,Mlc1,Argk,Prm,Cyt-c-p,Mhc,Argk,Tm1,wupA,ox,Prm,Tm1,CG31635,Argk,Tm1,Rala,Tm1,tmod,up,rdx,Tsp42Ea,Argk,GstD10
157	homer-M01775	0.0123858	2.80926	M21	ham	CG31635,Argk,Tsp42Ea,smp-30,RpL22,rdx,Tsp42Ea,GstD10,rdx,Tm1,Tsp42Ea,rdx,Argk,Fbp1,Tm1,Tm2,CG6191,zip,Clic,rdx,zip,Lsp1gamma,Prm,CG3792,CG2233,Mhc,Akh,tmod,rdx,tmod,tmod,RpL22,Cyt-c-p,rdx,Ugt35b,Ahcy13,Argk,chic,Rtnl1,Tm1,Mdr50,CG31635,Argk,tmod
158	factorbook-TAL1	0.0123605	2.80046	M35		up,Tm1,zip,zip,rdx,smp-30,zip,Mlc1,CG6191,RpL22,Mlc1,rdx,Lsp1gamma,Dot,Argk,rdx,Tm1,tmod,Tm1,GstE6,rdx,zip,rdx,wupA,tmod,tmod,Argk,Rala,Tm1,rdx,CG6191,tmod,Act57B,Ady43A,wupA
159	transfac_pro-M02756	0.0123412	2.79368	M7	pnr,srp,grn	CG12384,Fbp1,Rpn11,CG31635,Lsd-2,CG6191,rdx
160	transfac_public-M00490	0.0123412	2.79368	M19	cnc,kay,Jra,Atf3,tgo	chic,zip,Tsp42Ea,wupA,Tsp42Ea,zip,zip,tmod,Argk,Tm1,smp-30,tmod
161	homer-M00084	0.0123353	2.79165	M19	tgo,kay,Jra,Atf3,NFAT,cnc	chic,Tsp42Ea,zip,Mhc,Tsp42Ea,Prm,zip,Argk,Tm1
162	yetfasco-1207	0.0123121	2.78352	M9		up,wupA,CG4406,up,rdx,up,Tm1,rdx,Clic,rdx,Cp38,sta,rdx,Lsd-2,rdx,rdx,rdx,CG6337,rdx,Lsp1gamma,Prm,CG6191,tmod,Rtnl1,sta,Argk,CG6191,rdx,Prm,rdx,RpS5a,zip,Lsp1gamma,Tm2,rdx,wupA,chic,wupA,Tm1,zip,CG31635,Rala,Clic,Prm,CG6191,rdx
163	jaspar-MA0386.1	0.0123043	2.78082	M1	Tbp	chic,wupA,up,up,Argk,Mhc,Akh,wupA,Lsd-2,Prm,Prm,Prm,wupA,Lsd-2,Mhc,Argk,Argk,RpL37A,CG9463,Tm1,Argk,up,Tm2,Argk,tmod,CG4406,Act57B,Mlc1,lark,wupA,TpnC73F,tmod,tmod,tmod,chic,Tm2,Mlc1,RpL22,RpS17,tmod,Clic,Argk,RpS17,up,hgo,Mdr50,Tm1,Tm1,CG6337,up,wupA
164	swissregulon-ATF2.p2	0.012283	2.77337	M13	CG7786	Cyt-c-p,Tm1,Argk,rdx,tmod,Argk,Mhc,rdx,Vm26Aa,tmod,Argk,CG4406,Tm1,NP15.6,CG34215,tmod,CG31635,Argk,Cp18,rdx,Ady43A,Tm1,tmod,Dot,rdx,rdx,Mhc,Argk,ox,Tsp42Ea,Rtnl1,Prm,CG12384,wupA,Argk,rdx,cana,Tm1,GstD10,tmod,Mlc1,rdx,mRpS11,Lsd-2,rdx,Rtnl1,tmod,Rala,rdx,Tm1
165	transfac_pro-M01797	0.0122781	2.77167	M7	Sirt6,grn	zip,rdx,Tm1,RpL22,Ahcy13,rdx,Tm1,Argk,Tm1,Fbp1,rdx,smp-30,Cyt-c-p,Tsp42Ea,RpL22,rdx,zip,Argk,zip,up,tmod,chic,zip,Fbp1,GstE6,CG6191,CG6191,Rtnl1,Rtnl1,Argk,chic,CG31635,rdx,zip,Mdr50,Rtnl1,up,Tsp42Ea,rdx,rdx,Lsd-2,Clic,rdx
166	yetfasco-1496	0.0122665	2.76761	M13	vri,gt,CG6272,CG7786	Argk,Cyt-c-p,Argk,Tm1,rdx,Mlc1,rdx,Mhc,Tsp42Ea,Cp18,tmod,Argk,ox,Tm1,rdx,Vm26Aa,Prm,CG4406,rdx,tmod,Cpr64Aa,wupA,tmod,wupA,tmod,tmod,Argk,Tm1,Ady43A,rdx,Rtnl1,Argk
167	jaspar-MA0140.1	0.012249	2.76151	M35	grn,Med,pho,phol,CG9293,HLH4C,HLH3B,Max,nau,Hand,Mitf,da,Usf,CG34422	Lsd-2,zip,RpL22,Rpn11,Argk,rdx,CG12384,Tm1,RpL22,smp-30,rdx,tmod,Tsp42Ea,Argk,Argk,Lsp1gamma,GstD10,CG31635,rdx,Tsp42Ea,Tsp42Ea,rdx
168	yetfasco-1275	0.0122384	2.75779	M9	croc	wupA,up,CG4406,rdx,rdx,Clic,rdx,rdx,up
169	homer-M00654	0.0122374	2.75745	M16	CG33260,Trl	rdx,Tm1,rdx,CG31635,CG12896,chic,rdx,Tm1,chic,wupA,Rala,up,CG4406,zip,rdx,Mlc1,Ady43A,Act57B,Mhc,Mhc,rdx,Argk,Rtnl1,up,wupA,Tm2,tmod,Tm1,Argk,RpL22,Rtnl1,tmod,Tm1,Cyt-c-p,zip,wupA,rdx,rdx,up,Mlc1,CG6191,GstE6,rdx,Prm,Prm,sta,tmod,Argk,rdx,smp-30
170	transfac_pro-M02323	0.0122374	2.75745	M16	CG33260,Trl	rdx,Tm1,rdx,CG31635,CG12896,chic,rdx,Tm1,chic,wupA,Rala,up,CG4406,zip,rdx,Mlc1,Ady43A,Act57B,Mhc,Mhc,rdx,Argk,Rtnl1,up,wupA,Tm2,tmod,Tm1,Argk,RpL22,Rtnl1,tmod,Tm1,Cyt-c-p,zip,wupA,rdx,rdx,up,Mlc1,CG6191,GstE6,rdx,Prm,Prm,sta,tmod,Argk,rdx,smp-30
171	transfac_pro-M01878	0.0122034	2.7456	M35	grn,pho,phol	zip,rdx,Argk,Tsp42Ea,Argk,RpL22,Tm1,wupA,zip,RpL22,Mhc,RpL22,Mlc1,Tsp42Ea,Tsp42Ea,CG6191
172	transfac_public-M00045	0.0121918	2.74153	M13	vri,gt,CG7786	Mhc,Argk,rdx,NP15.6,Prm,Cyt-c-p,Cp18,Mlc1,Argk,wupA,ox,Argk,CG31635,tmod,rdx,Argk,Argk,Mhc,Vm26Aa,tmod,Tm1,rdx,Tm1,cana,Argk,mRpS11
173	yetfasco-1240	0.0121734	2.7351	M9		wupA,up,rdx,Cp38,up,CG4406,up,CG6191,rdx,rdx,Lsp1gamma,Lsd-2,Fbp1,rdx
174	yetfasco-44	0.0121734	2.7351	M29	CrebB-17A	Tm1,Tm1,CG12384,Rala,Cyt-c-p,Argk,CG31635,Mhc,tmod,Argk,Cpr65Au,Cp18,Argk,Tm2,Rtnl1,Mhc,CG6191,tmod,rdx,Tm1,Tm1,wupA,Dot,AQP,wupA,rdx,Tm1,Argk,Fbp1,rdx,rdx,Cp18,Cp15,CG31635,up,rdx,Mhc
175	yetfasco-8	0.0121734	2.7351	M29	CrebB-17A	Tm1,Tm1,CG12384,Rala,Cyt-c-p,Argk,CG31635,Mhc,tmod,Argk,Cpr65Au,Cp18,Argk,Tm2,Rtnl1,Mhc,CG6191,tmod,rdx,Tm1,Tm1,wupA,Dot,AQP,wupA,rdx,Tm1,Argk,Fbp1,rdx,rdx,Cp18,Cp15,CG31635,up,rdx,Mhc
176	yetfasco-1001	0.0121511	2.72731	M5		sta,chic,up,Mhc,up,up,CG2233,Akh,wupA,RpL37A,Lsd-2,TpnC73F,Lsd-2,Argk,Prm,Tm2,RpS17,Prm,CG31635,Mhc,CG4406,Argk,tmod,CG4406,CG9463,wupA,wupA,tmod,Mdr50,zip,Clic,Mlc1,wupA,Prm,up,CG6337,Argk,Argk,Rtnl1,tmod,wupA,Tm2
177	tfdimers-MD00428	0.0121443	2.72494	M16	Sirt6,nej	up,rdx,rdx,up,rdx,Argk,smp-30,Prm,Fbp1,CG6191,Tm1,Tm1,zip,wupA,Argk,rdx,rdx,zip,rdx,Fbp1,Rtnl1,chic,CG31635,Rala,Mhc,Tm1,rdx,Argk,wupA,Rtnl1
178	jaspar-MA0096.1	0.0121356	2.72189	M29	CrebB-17A	wupA,Argk,CG12384,tmod,Rala,Tm1,up,Argk,Rtnl1,CG31635,Tm1,Cpr65Au,rdx,wupA,Tm2,CG31635,Mhc,Tm1,Rtnl1,Tm1,Lsd-2,Dot,RpL37A,tmod,rdx,rdx,Vm26Aa,Dot,CG5377,Cyt-c-p,rdx,Tm1,Clic,Mdr50,Argk,cana,CG6191,Prm,tmod,Rtnl1,Tm1,Argk,Rtnl1
179	transfac_public-M00040	0.0121356	2.72189	M13	vri,gt,CG7786	Argk,Mhc,Tm1,Cyt-c-p,Tm1,tmod,CG31635,Cp18,rdx,rdx,tmod,Argk,CG12384,Argk,Argk,Mhc,Tsp42Ea,Vm26Aa,Rala,NP15.6,Argk,rdx,Tm1,wupA,GstD10,tmod,tmod,wupA,rdx,Rtnl1,Tm1,Ady43A,rdx,rdx,Cpr65Au,Mlc1,Tm1,ox,Tm2,AQP,Prm,tmod,Cpr64Aa,CG34215,Mhc,wupA,Cyt-c-p,Dot,CG4406,Argk
180	yetfasco-535	0.012121	2.71681	M36		Lsp1gamma,Mhc,rdx,tmod,tmod,rdx,Argk,Rtnl1,Mhc,tmod,CG6191,Lsp1gamma,wupA
181	taipale-GATGACGTCATC-XBP1-DBD	0.0121191	2.71613	M29	Xbp1,Atf-2,Atf3,Jra,CrebB-17A	Tm1,CG12384,Argk,wupA,Rala,tmod,Tm1,up,rdx,CG31635,Rtnl1,Cp18,rdx,tmod,Vm26Aa,Dot,Tm1,cana,Tm1,rdx,Cp36,Lsd-2,Tm1,rdx,zip,rdx,tmod,Clic,Argk,Rala,wupA,Rtnl1,Cpr65Au,tmod,zip,Tm2,Mhc,AQP,Argk,tmod,rdx,Rtnl1,Tm1,Prm,CG6191,rdx
182	taipale-TTACGYAM-GMEB2-DBD	0.0120871	2.70496	M32		rdx,rdx,Lsp1gamma,wupA,CG6191,rdx,wupA,Rtnl1,Mhc,Mlc1,Prm,Cp18,tmod,rdx,sta
183	homer-M00398	0.0120803	2.70259	M16	CG33260,Trl	rdx,Tm1,rdx,Tm1,chic,CG31635,up,rdx,chic,Tm1,wupA,Rala,Mhc,wupA,CG4406,rdx,up,Tm1,CG12896,zip,Rtnl1,sta,Act57B,zip,RpL22,rdx,Tm2,CG6191,rdx,Mlc1,Mhc,Argk,zip,Prm,rdx,Vm26Aa,Argk,Prm,Tm1,Rtnl1,rdx,Cyt-c-p,Ady43A,rdx,wupA,zip,wupA,Mhc,chic,smp-30
184	stark-ACTNACCT	0.0120783	2.70191	M27		tmod,Prm,Rtnl1,wupA,wupA,Mlc1,tmod,Argk,rdx,tmod,Tsp42Ea,rdx,Tm1,Tm2,Ady43A,rdx,CG6191,tmod,Lsp1gamma,cana
185	tfdimers-MD00510	0.0120764	2.70123	M13	CG7786	rdx,tmod,rdx,zip,Cyt-c-p,tmod,up,rdx,rdx,Mhc
186	transfac_public-M00152	0.0120648	2.69717	M14	bs	zip,Tm2,zip,Mhc,tmod,Tm1
187	yetfasco-1632	0.0120648	2.69717	M9		Tm1,up,rdx,Prm,up,Lsd-2,Clic,rdx,up,CG4406,up,rdx,up,tmod,rdx,chic,Tm1,rdx,chic,Clic,sta,wupA,Mhc,Argk,Act57B,tmod,Argk
188	swissregulon-NFIL3.p2	0.0120483	2.69141	M13	vri,CG7786	Argk,Argk,Cyt-c-p,rdx,rdx,Mhc,NP15.6,rdx,tmod,Prm,Argk,Argk,Vm26Aa,rdx,tmod,Mlc1,Argk,ox,Ady43A,Mlc1,wupA,up,rdx,Cp18,CG34215,Mhc,CG31635,CG6191,tmod,tmod,Tm1,Tm1,tmod,Mdr50,rdx,Tm1,Vm26Aa,Act57B,Rtnl1,Rtnl1,rdx,rdx,tmod,Lsd-2,Tsp42Ea,Rala,rdx,cana,CG11381
189	yetfasco-1351	0.0120357	2.68701	M13		Cyt-c-p,tmod,Argk,rdx,tmod,rdx,Argk,Argk,rdx,rdx,Mhc,CG4406,CG31635,Vm26Aa,tmod,Argk,zip,Argk,Cp18
190	transfac_pro-M03850	0.0120347	2.68667	M8	Sox102F	Argk,up,up,sta,wupA,Clic,TpnC73F,up,Tm1
191	flyfactorsurvey-pnr_SANGER_5_FBgn0003117	0.0120163	2.68024	M35	pnr,grn	zip,rdx,Tm1,Tm1,RpL22,Argk,Argk,rdx,Argk,Tsp42Ea,CG31635,Lsd-2,Mdr50,RpL22,tmod,zip,CG6191,chic,Mlc1,CG12384
192	jaspar-MA0025.1	0.0120124	2.67888	M13	vri,gt,CG7786	Cyt-c-p,Argk,Mhc,Argk,rdx,rdx,NP15.6,rdx,Argk,tmod,Prm,Argk,Cp18,ox,wupA,tmod,Mlc1,Vm26Aa,Ady43A,CG31635,rdx,CG34215,rdx,Tm1,CG31635,Argk,wupA,CG6191,tmod,Tsp42Ea,rdx,tmod
193	transfac_public-M00169	0.0120017	2.67516	M22	Hsf	Argk,CG6191,Dot,Mhc,up,chic,Mhc,RpL22,Act57B,GstD10,Argk,CG6337,CG5377,Mhc,Tm1,CG6191,Prm,Prm,Act57B,Lsd-2,Cp18,Cp15,up,tmod,Mhc,CG4406,up,Prm,Tsp42Ea,RpL22,Prm,zip,Mhc,Argk,Vm26Aa
194	transfac_pro-M02827	0.0119843	2.66906	M9	CG12299	rdx,up,sta,Rtnl1,tmod,Rala,CG6191,up,up,rdx,CG31635,Tm1
195	encode-UW.Motif.0053	0.0119785	2.66703	M37		rdx,Tm1,chic,wupA,wupA,rdx,Rala,Mhc,up,rdx,Tm2,Mlc1,CG4406,Tm1,chic,Tm1,up,CG31635,Tm1,Rtnl1,wupA,sta,rdx,Rtnl1,Lsd-2,Mhc,wupA,CG6191,rdx,rdx,up,rdx,RpL22,wupA,rdx,wupA,zip,rdx,Tm2,rdx,rdx,smp-30,CG6191,Prm,Mhc,zip,Prm,chic,tmod,rdx,Mlc1,tmod
196	swissregulon-FOS_FOS_B-L1__JUN_B-D_.p2	0.0119697	2.66398	M19	Jra,kay,Atf3	chic,zip,Tm1,Tsp42Ea,Ady43A,zip,tmod,zip,zip,Tsp42Ea,tmod,Prm,tmod,Mhc,Tm1,Tm1,Mhc,rdx,Vm26Aa,Argk,Cp36,Tm1,Prm,smp-30,rdx,RpL22,Tm1,CG31635,Tm1,chic,Rtnl1,Prm,zip,Tsp42Ea,rdx,Argk,CG6337
197	transfac_pro-M01156	0.0119542	2.65857	M38		up,rdx,Mlc1,CG6191,Rtnl1,up,wupA,CG31635,Dot,tmod,wupA,Rrp46,Argk,RpS5a,Prm,CG5377,Tm1,Tsp42Ea,chic,tmod,sta,rdx,CG4406
198	yetfasco-1491	0.0119436	2.65484	M13	CG7786	wupA,Tm1,Argk,Argk,Mhc,Cyt-c-p,Cp18,rdx,Mlc1,Tsp42Ea,rdx,Prm,wupA,Cpr64Aa,up,rdx,Mhc,wupA,tmod,rdx,rdx,zip,Vm26Aa,Mhc,zip,Tm1,wupA,tmod,sta,CG6191,Rtnl1,CG31635,tmod
199	yetfasco-299	0.0119397	2.65349	M29	CrebB-17A	Tm1,Tm1,CG12384,Rala,Argk,Cyt-c-p,Mhc,Argk,CG31635,Cpr65Au,tmod,Cp18,Argk,Rtnl1,Tm2,CG6191,tmod,wupA,Dot,Tm1,Mhc,Tm1,rdx,AQP,wupA,Tm1,rdx,rdx,up,Argk,rdx,tmod,Cp18,Cp15,Fbp1,CG31635,rdx,Lsp1gamma,Tsp42Ea,Tm1,up,Prm,rdx,Mhc
200	yetfasco-1249	0.0119193	2.64637	M9		CG4406,rdx,Argk,zip,up,rdx,wupA,Cp38,Mlc1,rdx,Tm1,rdx,up
201	yetfasco-586	0.0119193	2.64637	M7	srp,pnr,grn	CG31635,tmod,Tsp42Ea,Tsp42Ea,zip,RpL22,Tm1,Mlc1,Fbp1,Lsd-2,Lsp1gamma,Argk,CG6191,Mdr50,rdx,Tsp42Ea,GstD10,Lsd-2,Argk,RpL22,Argk,Rpn11,wupA,CG12384,Cyt-c-p,CG5377,tmod,GstE6,Cp16,CG4406,chic,rdx,rdx,Tm1,Ahcy13,zip,Rtnl1,Clic,Rtnl1,rdx,Mdr50,CG31635,wupA,CG6191,CG3792,chic,RpL34b,Dot,chic,smp-30,Fbp1,smp-30,Fbp1
202	yetfasco-570	0.0119077	2.64231	M8	FoxP,fd68A,croc	Argk,up,sta,rdx,Tm1,up,TpnC73F,Clic,Rtnl1,up,hgo,rdx,tmod,CG6191,rdx
203	transfac_public-M00517	0.011898	2.63892	M19	Jra,kay,cnc,Atf3,tgo,maf-S	chic,tmod,zip,Argk,Tsp42Ea,zip,Tm1,Tsp42Ea,Prm,Tm1,Vm26Aa,rdx,Tm1,Ady43A,Mhc,wupA,rdx,zip,chic,Tm1,Tm1,CG6191,zip,Rala,up,Tsp42Ea,CG6337,tmod
204	yetfasco-1475	0.011896	2.63825	M23		rdx,wupA,TpnC73F,Mhc,chic,Act57B,up,up,TpnC73F,Mhc,Clic,CG31635,Prm,Mlc1,Mlc1,chic,Tm1,tmod,Act57B,up
205	transfac_public-M00228	0.0118728	2.63012	M13	CG7786,vri,gt	Argk,Mhc,Cp18,rdx,Argk,Cyt-c-p,Tm1,rdx,tmod,rdx,Argk,NP15.6,Argk,Mhc,CG31635,CG6191,Argk,Vm26Aa,Tm1,Mhc,Argk,CG4406,wupA,ox,Mhc,Mdr50,Prm,rdx,cana,tmod,Tm1,Ady43A,Tm2,CG6191,Tsp42Ea,Tm1,mRpS11,CG6191,Mlc1,tmod,Cpr64Aa,Mlc1,Lsd-2,tmod,rdx,wupA
206	transfac_pro-M02757	0.0118669	2.62809	M7	pnr,srp,GATAe,grn	CG31635,RpL22,RpL22,Tm1,smp-30,Argk,Fbp1,Mdr50,Argk,Tsp42Ea,Ahcy13,Tsp42Ea,zip,Lsd-2,Rpn11,CG6191,zip,CG6191,rdx,rdx,zip,CG5377,Lsd-2,Cyt-c-p,rdx,rdx,CG9463,Mlc1,Fbp1,Tsp42Ea,Tsp42Ea,Rala,Argk,rdx,tmod,Ahcy13,Argk,CG2233,CG31635,CG6191,Mdr50,Lsp1gamma
207	jaspar-MA0317.1	0.011865	2.62741	M8	FoxP,fd68A,croc	Argk,up,sta,rdx,Tm1,up,TpnC73F,Clic,Rtnl1,hgo,up,rdx,tmod,CG6191
208	homer-M00696	0.0118534	2.62335	M16	CG33260,Trl	rdx,rdx,Tm1,CG31635,rdx,zip,up,chic,Rala,Tm1,chic,wupA,Tm1,Act57B,CG6191,up,zip,CG4406,rdx,Mhc,wupA,Tm2,rdx,rdx,Tm1,rdx,CG12896,Rtnl1,rdx,Prm,rdx,Ady43A,wupA,rdx,rdx,rdx,wupA,Rtnl1,Mlc1,sta,Clic
209	transfac_pro-M01301	0.0118466	2.62098	M34	Mef2	Tm1,Prm,Mlc1,Mhc,chic,Tm1,wupA,TpnC73F,Tm2,CG6191,tmod,rdx,Prm,Mhc
210	yetfasco-1239	0.0118437	2.61996	M9	E2f,da	up,wupA,Lsd-2,Clic,rdx,up,rdx,CG4406,rdx
211	hdpi-LASS4	0.0118378	2.61793	M39	schlank	rdx,RpL37A,Mlc1,up,rdx,wupA,Mhc,rdx,CG6337,Argk,Mlc1
212	homer-M01843	0.0118349	2.61691	M21		Tsp42Ea,Tm1,Lsd-2,Argk,CG6191,Rpn11,Ahcy13,Mdr50,CG31635,rdx,CG12384,RpL22,rdx,Argk,GstD10,zip,Tsp42Ea,Argk,rdx,Cp16,rdx,Lsp1gamma,Fbp1,Fbp1,RpL22
213	yetfasco-1198	0.0118194	2.61149	M9		up,rdx,CG4406,wupA,Clic,rdx,up,rdx,sta,rdx,Tm1,CG31635
214	flyfactorsurvey-vri_SANGER_5_FBgn0016076	0.0118117	2.60879	M13	vri,gt,CG7786	Argk,rdx,Mhc,Cp18,NP15.6,Tm1,Mlc1,Argk,rdx,Argk,CG31635,Argk,Tm1,tmod,Tm1,Prm,Cyt-c-p,GstD10,Lsp1gamma,Mhc,mRpS11,CG6191,Argk,Tsp42Ea,Mdr50,rdx,Tm1,tmod,Rtnl1,Tm2,Ady43A,Cpr64Aa,CG31635,Tm1,CG11381,TotA,wupA,Prm,Mhc,Vm26Aa,ox,Prm,Tm1,up,Mlc1,Mhc,Rala
215	encode-UW.Motif.0509	0.0118058	2.60675	M33		up,Clic,tmod,Tm1,rdx,tmod,tmod,CG6191,Prm,rdx,chic,Tm1
216	homer-M00298	0.0118058	2.60675	M6	bs	Tm1,Tm1,zip,Tm1,zip,up,Mhc,Act57B,CG4406,Mhc,Mhc,up,tmod,up,wupA,Argk,zip,cana,Cpr64Aa,Prm,Tm2,wupA,Mhc,rdx,Act57B,Mlc1,chic,Prm,Argk,RpL37A,Tm1,rdx,up,Rtnl1,zip,Prm,Mhc,RpL22,Act57B
217	transfac_pro-M00723	0.0118	2.60472	M16	Trl,CG33260	rdx,Tm1,CG12896,rdx,rdx,Tm1,chic,up,wupA,CG31635,Rala,zip,wupA,CG4406,chic,Mhc,Act57B,Prm,tmod,Tm1,Argk,Ady43A,rdx,Rtnl1,tmod,Tm2,Tm1,wupA,rdx,RpL22,rdx,Mhc,CG6191,zip,rdx,RpS5a,rdx,Cyt-c-p,Vm26Aa,Mhc,rdx,Argk,Prm,Rtnl1,rdx,sta,Mhc,up,Tm1,Tm1
218	yetfasco-271	0.0117845	2.5993	M6	Mef2	up,tmod,Rtnl1,cana,Argk,chic,Prm,RpL37A,Tm1,Prm,Mhc,Mlc1,Mhc,Act57B,Lsd-2,tmod,chic,Mhc,CG4406,tmod,vih,Tm1,tmod,Tm1,Tm2,Prm,Prm,CG6191,tmod,wupA,up,CG6191,rdx,Act57B,Prm,Tm2,chic,Tm1,wupA,rdx,up,CG6191,Argk,Lsd-2,Argk,Lsp1alpha,rdx,Mhc
219	elemento-GTGTGACC	0.011769	2.59388	M18		up,Argk,wupA,chic,Tm1,Argk,RpS17,Tm1,Cyt-c-p,mRpL27,Tm1,tmod,CG9344,tmod,tmod,rdx,tmod,rdx,Argk,lark,rdx,RpS17,wupA,vih,rdx,rdx,RPA2,TpnC73F,Tm1,CG6191,Vm26Aa,Mhc,tmod
220	transfac_pro-M01007	0.0117641	2.59219	M14	bs	Tm1,Act57B,zip,zip,rdx,Tm1,Rtnl1,Argk,zip,zip,up,Tm1,zip,tmod,sta,Mhc
221	jaspar-PF0014.1	0.0117564	2.58948	M29	Atf3,Xbp1,Jra,CrebB-17A	Tm1,Rala,CG12384,Tm1,Argk,Cpr65Au,Tm1,Rtnl1,CG6191,up,tmod,Dot,rdx,Tm1,Prm,wupA,rdx,Tm2,Prm,RpL22,CG31635,wupA,Lsp1gamma,tmod,rdx,CG4406,Prm,tmod,Rtnl1,Tm1,CG31635,Rtnl1,Tm1,tmod,Act57B,wupA
222	jaspar-MA0286.1	0.0117554	2.58914	M29	CrebB-17A,Atf6,Atf3	Argk,Tm1,wupA,Rala,CG12384,CG31635,Argk,Tm1,Cpr65Au,rdx,Tm1,Cyt-c-p,tmod,Tm2,Rtnl1,Argk,Rtnl1,Tm1,up,tmod,Tm1,Lsd-2,wupA,Tsp42Ea,Vm26Aa,Clic,Mhc,CG5377,rdx,tmod,wupA,CG6191,rdx,Mhc,Cp18,rdx,wupA,rdx,Argk,Dot,cana,Rtnl1,Tm1,Argk,Tm1
223	transfac_public-M00199	0.0117544	2.58881	M19	kay,Jra,tgo,cnc	chic,tmod,Tsp42Ea,Mhc,Argk,zip,Prm,Tm1,zip,Tsp42Ea,Tm1,Tm1,zip,Ady43A,CG6191,Tm1,Vm26Aa,smp-30,rdx,chic,tmod,rdx,zip,Rala,rdx,Rala,CG6191,Tm1
224	yetfasco-1191	0.011736	2.58237	M9	fkh	up,up,rdx,rdx,wupA,up,Prm,CG4406,Clic,rdx
225	swissregulon-GATA6.p2	0.0117283	2.57966	M7	pnr,srp,grn,Sirt6	Tm1,CG31635,Lsd-2,Argk,Tsp42Ea,CG12384,zip,Ahcy13,RpL22,rdx,zip,rdx,Lsp1gamma,Mdr50,Argk,Fbp1,Fbp1,RpL22,smp-30,Tsp42Ea,CG6191,zip,Tsp42Ea,Rtnl1,CG6191,rdx,Argk,Lsd-2,Cp16,GstD10,Rpn11,Tm1,CG6191,Lsp2,Mdr50,RpL22,Cyt-c-p
226	yetfasco-585	0.0117127	2.57424	M29	CrebB-17A,Atf6,Atf3	Argk,Tm1,wupA,Rala,CG12384,CG31635,Argk,Tm1,Cpr65Au,rdx,Tm1,Cyt-c-p,tmod,Tm2,Rtnl1,Argk,Rtnl1,Tm1,up,tmod,Tm1,Lsd-2,wupA,Tsp42Ea,Vm26Aa,Clic,Mhc,CG5377,rdx,tmod,CG6191,wupA,rdx,Mhc,rdx,Cp18,wupA,rdx,Dot,cana,Argk,Rtnl1,Tm1,Tm1,Argk
227	transfac_pro-M02351	0.0117001	2.56984	M8	mirr	Argk,sta,up,Tm1,CG31635,TpnC73F,Clic,Argk
228	yetfasco-1345	0.0116992	2.5695	M13	vri,gt,CG7786	Argk,Mhc,rdx,Cyt-c-p,Argk,rdx,tmod,CG31635,rdx,Cp18,Argk,tmod,Vm26Aa,NP15.6,CG34215,Tm1,Tm1,Argk,rdx,tmod,rdx,ox,tmod,wupA,Tsp42Ea,rdx,Prm,GstD10,Cyt-c-p,Ady43A,Ugt35b,Cp18,Cp15,Argk,Lsd-2,CG31635,Mlc1,tmod,CG4406,rdx,rdx,RpL34b
229	yetfasco-1243	0.0116972	2.56883	M9		rdx,up,wupA,Fbp1,rdx,Lsd-2,Cp38,Lsp1gamma,CG4406,wupA,wupA,Tm1,Clic,Lsd-2,rdx,rdx,Tm1,chic,up
230	yetfasco-1271	0.0116963	2.56849	M9	E2f,da	wupA,up,Clic,Tm1,up,CG4406,rdx,up,rdx,rdx,rdx,Tm1,rdx
231	hdpi-TFAP2A	0.0116943	2.56781	M40		Tm2,Mhc,Tm1,TpnC73F,rdx,Prm,rdx,up,tmod
232	elemento-AGAGAGAG	0.0116914	2.56679	M37		rdx,Tm1,wupA,chic,rdx,wupA,Mhc,Mlc1,Tm2,Rala,rdx,chic,Tm1,CG4406,up,Tm1,up,Tm1,Rtnl1,wupA,CG31635,Rtnl1,Mhc,sta,Lsd-2,Mlc1,CG6191,wupA,rdx,zip,Act57B,Tm2,wupA,rdx,rdx,rdx,RpL22,tmod,CG12896,Mhc,rdx,Prm,rdx,up,CG6191,rdx,wupA,rdx,rdx,rdx,Prm,Argk,smp-30
233	yetfasco-593	0.0116798	2.56273	M21	ham	Tsp42Ea,Argk,Tm1,Lsd-2,CG6191,Rpn11,CG31635,Mdr50,Ahcy13,CG12384,rdx,GstD10,RpL22,rdx,Argk,zip,Argk,Tsp42Ea,rdx,rdx,Fbp1,RpL22,Lsp1gamma,Cp16,Cyt-c-p,CG6191,Fbp1,Argk
234	hdpi-RBM3	0.0116691	2.559	M24	tra2	up,tmod,up,Mhc,Mlc1,sta,wupA,Prm,chic,Tm2,Lsd-2,Lsd-2,up,Prm,Act57B,Tm2,CG4406,up,Prm,CG5377,Mlc1
235	taipale-NRTTACRTAAYN-TEF-FL	0.0116623	2.55663	M13	CG7786,vri,gt	Argk,rdx,Mhc,Argk,Cyt-c-p,Argk,NP15.6,rdx,Cp18,Mlc1,Argk,Mhc,Vm26Aa,tmod,Tm1,ox,Tm1,Prm,Prm,wupA,tmod,rdx,Mlc1,CG6191,Cpr64Aa,Tm1,CG6191,Argk,Mdr50,tmod,up,CG11381,Lsd-2,Tsp42Ea,sta,rdx,Rtnl1,rdx,TotA,Argk,CG31635,Cyt-c-p,Tm1,Tm2,rdx,rdx,CG31635,rdx,tmod
236	factorbook-HSF1	0.0116614	2.5563	M22	Hsf	Argk,CG6191,chic,Rtnl1,Mhc,Mhc,Argk,RpL22,GstD10
237	tiffin-TIFDMEM0000116	0.0116575	2.55494	M18		NP15.6,Argk,mRpL27,CG9344,Tm1,Tm1,RpS17,tmod,RPA2,chic,wupA,RpS5a,Dot,sta,vih,mRpS11,CG4406,ox,lark,tmod,zip
238	transfac_pro-M01142	0.0116439	2.5502	M25	ftz-f1	CG6191,Argk,rdx,Tm1,Ahcy13,rdx,tmod,zip,rdx
239	taipale-NRTTACGTAAYN-HLF-full	0.011642	2.54952	M13	vri,gt,CG7786	Argk,rdx,Mhc,Cp18,NP15.6,Argk,Cyt-c-p,Argk,Argk,Mlc1,Tm1,Mhc,rdx,Tm1,Prm,rdx,Tm1,CG11381,Argk,CG31635,tmod,tmod,wupA,Vm26Aa,ox,GstD10,tmod,Tm1,Tm2,Prm,CG6191,Mlc1,Tsp42Ea,Ady43A,Cpr64Aa,Argk,tmod,Tm1,CG6191,rdx,Rala,CG31635,sta,up,Rtnl1,Tm1,CG6191,Mdr50,rdx,rdx
240	yetfasco-1012	0.0116206	2.54207	M15		up,up,rdx,Rtnl1,wupA,sta,up,zip,Tm1,Clic,Rala,tmod,Tm1,tmod,rdx,rdx,CG6191,CG31635
241	transfac_pro-M00934	0.0116177	2.54106	M41	z,Dvir\z	chic,Prm,Cpr64Aa,Prm,rdx,rdx,Prm,chic,rdx,Mhc,tmod,Dot,tmod,Tm2,smp-30,Akh
242	yetfasco-1265	0.0116138	2.5397	M9		Clic,up,up,wupA,CG4406,rdx,rdx,up
243	homer-M01528	0.0115944	2.53293	M18		Argk,Mhc,Tm1,rdx,Cpr65Au,tmod,Dot,Rtnl1,tmod,Cp18,Cp15,Cyt-c-p,Mhc,Vm26Aa,tmod,Argk,RpL22
244	homer-M01793	0.0115925	2.53225	M6		tmod,chic,tmod,Cp38
245	transfac_public-M00039	0.011575	2.52616	M29	CrebB-17A,Atf6,Atf3,Jra,Xbp1	Tm1,Argk,CG12384,Tm1,Argk,Rala,wupA,CG31635,Tm1,Cpr65Au,tmod,Dot,Rtnl1,up,Cyt-c-p,rdx,tmod,CG6191,Mhc,Tm2,Tm1,Argk,rdx,Tm1,tmod,Lsp1gamma,rdx,Lsd-2,RpL22,rdx,Tm1,tmod,Argk,Mhc,Prm,AQP,tmod,rdx,Cp18,Rtnl1,Clic,rdx,Tm1,Vm26Aa,CG31635,tmod,CG6191,rdx,Tsp42Ea,CG4406,wupA
246	elemento-CTTATCA	0.0115712	2.5248	M7		Lsd-2,Rpn11,CG6191,CG12384,Fbp1,Argk,rdx,Mdr50,Tm1,CG31635,Cyt-c-p,RpL22,CG5377,rdx,Mlc1,Fbp1,Tsp42Ea,zip,Argk,chic,rdx,rdx,rdx,Lsp1gamma
247	transfac_pro-M03551	0.0115653	2.52277	M19	Jra,cnc	tmod,chic,Mhc,Tsp42Ea,zip,Tm1,tmod,Tm1,zip,Tsp42Ea,zip,Argk
248	homer-M01473	0.0115605	2.52108	M13	vri,gt,CG7786	Argk,Mhc,Cyt-c-p,Argk,rdx,rdx,tmod,Argk,Cp18,Tm1,Vm26Aa,Tm1,tmod,CG31635,NP15.6,rdx,Tsp42Ea,rdx,wupA,ox,rdx,Prm,Mlc1,Argk,Argk,GstD10,rdx,Mhc,tmod,CG34215,Tm1,tmod,Ady43A,tmod,Lsd-2,Cpr64Aa
249	yetfasco-1609	0.0115498	2.51735	M13	CG7786	Tm1,Argk,tmod,Tm1,Argk,rdx,Cp18,Mlc1,Tsp42Ea,ox,tmod,wupA,rdx,Cyt-c-p,CG31635,Vm26Aa,Argk
250	elemento-TGACTCA	0.0115392	2.51363	M19	cnc,Jra	tmod,chic,Mhc,Tsp42Ea,zip,zip,Tm1,Ady43A,Tm1,Tsp42Ea,Tm1,zip,Mhc,zip,tmod,Vm26Aa,Prm,Argk,Argk,smp-30,rdx,CG6191,Tm1,RpL22,Cp36
251	transfac_pro-M01591	0.0115372	2.51295	M35	grn	rdx,Tm1,smp-30,CG31635,rdx,rdx,Ahcy13,RpS5a,Fbp1,zip,zip,Lsd-2,tmod,tmod,Tm1,CG6337,rdx,rdx,GstE6,Argk,rdx
252	transfac_public-M00006	0.0115236	2.50821	M34	Mef2	Mhc,Mhc,rdx,tmod,Argk,Tm2,Prm,Tm1,up,Argk,CG6191,Tm2,tmod,Act57B,Act57B,tmod,Prm,rdx,Fbp1,rdx,wupA,TpnC73F,sta,wupA,CG6191,chic,Fbp1,up,rdx,Mlc1,CG4406,Act57B,RpL37A,Tm2,Argk,up,Ady43A,tmod,Tm1,CG31635
253	transfac_pro-M03815	0.0115091	2.50313	M19	kay,Jra	tmod,Mhc,chic,Cp18,zip,tmod,Argk,Argk,Tm1
254	yetfasco-1471	0.0115013	2.50042	M23		rdx,TpnC73F,Mhc,Act57B,chic,wupA,Mhc,up,up,TpnC73F,Mlc1,Prm,CG31635,chic,Tm1,cana,RpS17,Dot,Mhc,tmod,Act57B,Mhc,Cpr64Aa,chic,Rrp46,tmod,CG2233,RpL32,up,Rtnl1,Akh,Tsp42Ea,wupA,Mlc1,tmod,wupA,tmod,up,up,Mhc,Clic,CG8628
